Action, games, score, coin, xp, level, staples, commons, specials
Bought staple, 6, 5040, 29, 1540, 5, 1, 0, 0
Bought staple, 19, 6960, 5, 5550, 8, 2, 0, 0
Bought staple, 30, 8400, 124, 9740, 11, 3, 0, 0
Bought staple, 45, 8880, 37, 16120, 12, 4, 0, 0
Bought staple, 60, 9360, 113, 22880, 13, 5, 0, 0
Bought staple, 73, 9840, 166, 29160, 15, 6, 0, 0
Bought special, 110, 11760, 288, 49380, 19, 6, 0, 1
Bought staple, 120, 12720, 177, 55520, 20, 7, 0, 1
Bought common, 157, 12720, 33, 78830, 21, 7, 1, 1
Bought staple, 168, 12720, 1, 85760, 22, 8, 1, 1
Bought staple, 180, 12720, 7, 93320, 22, 9, 1, 1
Bought staple, 192, 12720, 38, 100880, 23, 10, 1, 1
Bought common, 230, 12720, 82, 124820, 24, 10, 2, 1
Bought special, 268, 12720, 1, 148760, 25, 10, 2, 2
Bought special, 306, 12720, 45, 172700, 26, 10, 2, 3
Bought special, 343, 12720, 26, 196010, 27, 10, 2, 4
Dupe staple, 355, 12720, 307, 203570, 28, 10, 2, 4
Bought common, 390, 12720, 162, 225620, 29, 10, 3, 4
Bought staple, 402, 12720, 43, 233180, 29, 11, 3, 4
Bought special, 440, 12720, 87, 257120, 30, 11, 3, 5
Bought common, 476, 12720, 30, 279800, 32, 11, 4, 5
Bought common, 513, 12720, 11, 303110, 33, 11, 5, 5
Bought common, 551, 12720, 55, 327050, 34, 11, 6, 5
Bought staple, 565, 12720, 62, 335870, 34, 12, 6, 5
Bought common, 602, 12720, 193, 359180, 36, 12, 7, 5
Dupe staple, 613, 12720, 261, 366110, 36, 12, 7, 5
Dupe staple, 623, 12720, 266, 372410, 36, 12, 7, 5
Bought staple, 633, 12720, 21, 378710, 36, 13, 7, 5
Bought staple, 645, 12720, 52, 386270, 37, 14, 7, 5
Dupe common, 682, 12720, 783, 409580, 38, 14, 7, 5
Bought common, 710, 12720, 72, 427220, 39, 14, 8, 5
Bought staple, 723, 12720, 16, 435410, 39, 15, 8, 5
Bought special, 761, 12720, 210, 459350, 41, 15, 8, 6
Dupe staple, 772, 12720, 278, 466280, 41, 15, 8, 6
Dupe staple, 782, 12720, 283, 472580, 41, 15, 8, 6
Bought special, 817, 12720, 13, 494630, 42, 15, 8, 7
Bought staple, 829, 12720, 44, 502190, 43, 16, 8, 7
Bought special, 866, 12720, 25, 525500, 44, 16, 8, 8
Bought special, 903, 12720, 6, 548810, 45, 16, 8, 9
Bought common, 941, 12720, 50, 572750, 46, 16, 9, 9
Dupe special, 980, 12720, 907, 597320, 47, 16, 9, 9
Bought special, 1007, 12720, 8, 614330, 48, 16, 9, 10
Bought special, 1045, 12720, 52, 638270, 49, 16, 9, 11
Bought common, 1080, 12720, 57, 660320, 51, 16, 10, 11
Dupe staple, 1093, 12720, 251, 668510, 51, 16, 10, 11
Dupe staple, 1103, 12720, 256, 674810, 51, 16, 10, 11
Bought staple, 1111, 12720, 35, 679850, 52, 17, 10, 11
Bought special, 1150, 12720, 142, 704420, 53, 17, 10, 12
Dupe special, 1188, 12720, 811, 728360, 54, 17, 10, 12
Bought special, 1215, 12720, 37, 745370, 55, 17, 10, 13
Dupe staple, 1229, 12720, 294, 754190, 55, 17, 10, 13
Bought common, 1262, 12720, 23, 774980, 56, 17, 11, 13
Bought common, 1300, 12720, 67, 798920, 57, 17, 12, 13
Bought common, 1336, 12720, 10, 821600, 59, 17, 13, 13
Dupe staple, 1350, 12720, 392, 830420, 59, 17, 13, 13
Dupe staple, 1360, 12720, 397, 836720, 59, 17, 13, 13
Bought common, 1393, 12720, 1, 857510, 60, 17, 14, 13
Bought special, 1430, 12720, 132, 880820, 62, 17, 14, 14
Dupe special, 1468, 12720, 801, 904760, 63, 17, 14, 14
Bought common, 1495, 12720, 27, 921770, 64, 17, 15, 14
Bought common, 1532, 12720, 8, 945080, 65, 17, 16, 14
Bought common, 1570, 12720, 52, 969020, 66, 17, 17, 14
Bought special, 1609, 12720, 34, 993590, 67, 17, 17, 15
Dupe staple, 1620, 12720, 377, 1000520, 68, 17, 17, 15
Bought special, 1654, 12720, 44, 1021940, 69, 17, 17, 16
Dupe staple, 1668, 12720, 301, 1030760, 69, 17, 17, 16
Bought staple, 1678, 12720, 56, 1037060, 69, 18, 17, 16
Dupe special, 1713, 12720, 811, 1059110, 71, 18, 17, 16
Dupe special, 1742, 12720, 763, 1077380, 71, 18, 17, 16
Bought special, 1770, 12720, 52, 1095020, 72, 18, 17, 17
Bought special, 1809, 12720, 184, 1119590, 74, 18, 17, 18
Dupe staple, 1820, 12720, 377, 1126520, 74, 18, 17, 18
Bought common, 1854, 12720, 44, 1147940, 75, 18, 18, 18
Dupe staple, 1868, 12720, 301, 1156760, 75, 18, 18, 18
Bought special, 1901, 12720, 30, 1177550, 76, 18, 18, 19
Dupe special, 1938, 12720, 786, 1200860, 78, 18, 18, 19
Bought special, 1967, 12720, 138, 1219130, 79, 18, 18, 20
Dupe special, 2003, 12720, 806, 1241810, 80, 18, 18, 20
Bought common, 2031, 12720, 95, 1259450, 81, 18, 19, 20
Dupe special, 2069, 12720, 764, 1283390, 82, 18, 19, 20
Bought special, 2097, 12720, 53, 1301030, 83, 18, 19, 21
Dupe staple, 2110, 12720, 372, 1309220, 83, 18, 19, 21
Bought common, 2144, 12720, 39, 1330640, 84, 18, 20, 21
Bought special, 2181, 12720, 20, 1353950, 85, 18, 20, 22
Dupe special, 2220, 12720, 877, 1378520, 86, 18, 20, 22
Dupe common, 2248, 12720, 791, 1396160, 87, 18, 20, 22
Dupe staple, 2250, 12720, 292, 1397420, 87, 18, 20, 22
Bought common, 2285, 12720, 172, 1419470, 89, 18, 21, 22
Bought common, 2320, 12720, 27, 1441520, 90, 18, 22, 22
Bought common, 2359, 12720, 9, 1466090, 91, 18, 23, 22
Dupe staple, 2371, 12720, 265, 1473650, 91, 18, 23, 22
Dupe common, 2407, 12720, 808, 1496330, 92, 18, 23, 22
Dupe staple, 2410, 12720, 372, 1498220, 92, 18, 23, 22
Bought common, 2444, 12720, 189, 1519640, 94, 18, 24, 22
Dupe special, 2480, 12720, 857, 1542320, 95, 18, 24, 22
Bought special, 2508, 12720, 21, 1559960, 96, 18, 24, 23
Dupe common, 2545, 12720, 752, 1583270, 97, 18, 24, 23
Bought common, 2573, 12720, 41, 1600910, 98, 18, 25, 23
Dupe special, 2610, 12720, 772, 1624220, 99, 18, 25, 23
Bought special, 2640, 12720, 187, 1643120, 100, 18, 25, 24
Dupe common, 2677, 12720, 793, 1666430, 101, 18, 25, 24
Dupe common, 2704, 12720, 769, 1683440, 102, 18, 25, 24
Dupe common, 2732, 12720, 808, 1701080, 103, 18, 25, 24
Dupe special, 2761, 12720, 910, 1719350, 104, 18, 25, 24
Bought special, 2790, 12720, 112, 1737620, 104, 18, 25, 25
Dupe special, 2826, 12720, 805, 1760300, 106, 18, 25, 25
Bought special, 2855, 12720, 7, 1778570, 106, 18, 25, 26
Dupe common, 2890, 12720, 762, 1800620, 108, 18, 25, 26
Bought special, 2920, 12720, 177, 1819520, 109, 18, 25, 27
Bought staple, 2932, 12720, 58, 1827080, 109, 19, 25, 27
Dupe special, 2970, 12720, 852, 1851020, 110, 19, 25, 27
Dupe special, 2998, 12720, 766, 1868660, 111, 19, 25, 27
Dupe special, 3026, 12720, 805, 1886300, 112, 19, 25, 27
Bought special, 3053, 12720, 31, 1903310, 113, 19, 25, 28
Dupe common, 3090, 12720, 762, 1926620, 114, 19, 25, 28
Dupe common, 3120, 12720, 927, 1945520, 115, 19, 25, 28
Dupe common, 3147, 12720, 778, 1962530, 116, 19, 25, 28
Dupe special, 3174, 12720, 754, 1979540, 117, 19, 25, 28
Dupe special, 3204, 12720, 769, 1998440, 117, 19, 25, 28
Bought common, 3232, 12720, 58, 2016080, 118, 19, 26, 28
Dupe special, 3269, 12720, 814, 2039390, 120, 19, 26, 28
Dupe special, 3298, 12720, 766, 2057660, 120, 19, 26, 28
Bought special, 3326, 12720, 55, 2075300, 121, 19, 26, 29
Dupe special, 3363, 12720, 786, 2098610, 122, 19, 26, 29
Dupe common, 3390, 12720, 762, 2115620, 123, 19, 26, 29
Dupe common, 3420, 12720, 927, 2134520, 124, 19, 26, 29
Bought common, 3447, 12720, 28, 2151530, 125, 19, 27, 29
Dupe special, 3484, 12720, 759, 2174840, 126, 19, 27, 29
Bought common, 3512, 12720, 48, 2192480, 127, 19, 28, 29
Dupe common, 3550, 12720, 842, 2216420, 128, 19, 28, 29
Dupe special, 3578, 12720, 756, 2234060, 129, 19, 28, 29
Dupe common, 3606, 12720, 795, 2251700, 130, 19, 28, 29
Dupe special, 3633, 12720, 771, 2268710, 131, 19, 28, 29
Dupe common, 3661, 12720, 810, 2286350, 132, 19, 28, 29
Dupe special, 3690, 12720, 912, 2304620, 133, 19, 28, 29
Dupe special, 3717, 12720, 763, 2321630, 134, 19, 28, 29
Bought common, 3745, 12720, 52, 2339270, 135, 19, 29, 29
Dupe special, 3782, 12720, 783, 2362580, 136, 19, 29, 29
Dupe common, 3810, 12720, 822, 2380220, 137, 19, 29, 29
Dupe common, 3840, 12720, 987, 2399120, 138, 19, 29, 29
Dupe special, 3868, 12720, 751, 2416760, 138, 19, 29, 29
Dupe special, 3896, 12720, 790, 2434400, 139, 19, 29, 29
Dupe special, 3923, 12720, 766, 2451410, 140, 19, 29, 29
Dupe common, 3951, 12720, 805, 2469050, 141, 19, 29, 29
Dupe common, 3980, 12720, 907, 2487320, 142, 19, 29, 29
Dupe common, 4007, 12720, 758, 2504330, 143, 19, 29, 29
Dupe special, 4035, 12720, 797, 2521970, 144, 19, 29, 29
Bought special, 4063, 12720, 86, 2539610, 145, 19, 29, 30

Bought staple, 6, 5040, 29, 1540, 5, 1, 0, 0
Bought staple, 19, 6960, 5, 5550, 8, 2, 0, 0
Bought staple, 30, 8400, 124, 9740, 11, 3, 0, 0
Bought special, 73, 9840, 166, 29160, 15, 3, 0, 1
Dupe staple, 84, 10800, 255, 34800, 16, 3, 0, 1
Dupe staple, 93, 11280, 268, 39680, 17, 3, 0, 1
Bought staple, 102, 11760, 49, 44740, 18, 4, 0, 1
Bought staple, 114, 12240, 32, 51820, 19, 5, 0, 1
Bought staple, 126, 12720, 205, 59300, 21, 6, 0, 1
Bought staple, 137, 12720, 23, 66230, 21, 7, 0, 1
Bought staple, 150, 12720, 92, 74420, 21, 8, 0, 1
Bought common, 188, 12720, 11, 98360, 22, 8, 1, 1
Bought staple, 200, 12720, 167, 105920, 23, 9, 1, 1
Bought special, 237, 12720, 23, 129230, 24, 9, 1, 2
Bought staple, 250, 12720, 92, 137420, 24, 10, 1, 2
Bought staple, 261, 12720, 60, 144350, 25, 11, 1, 2
Dupe staple, 274, 12720, 254, 152540, 25, 11, 1, 2
Bought staple, 284, 12720, 9, 158840, 25, 12, 1, 2
Bought staple, 296, 12720, 40, 166400, 26, 13, 1, 2
Bought common, 333, 12720, 21, 189710, 27, 13, 2, 2
Bought common, 370, 12720, 2, 213020, 28, 13, 3, 2
Bought staple, 382, 12720, 33, 220580, 29, 14, 3, 2
Bought special, 420, 12720, 77, 244520, 30, 14, 3, 3
Bought common, 459, 12720, 59, 269090, 31, 14, 4, 3
Bought special, 496, 12720, 40, 292400, 32, 14, 4, 4
Bought special, 533, 12720, 21, 315710, 33, 14, 4, 5
Bought common, 570, 12720, 2, 339020, 34, 14, 5, 5
Bought special, 607, 12720, 8, 362330, 36, 14, 5, 6
Dupe special, 645, 12720, 802, 386270, 37, 14, 5, 6
Bought common, 672, 12720, 28, 403280, 38, 14, 6, 6
Bought special, 710, 12720, 72, 427220, 39, 14, 6, 7
Bought common, 749, 12720, 54, 451790, 40, 14, 7, 7
Bought common, 786, 12720, 35, 475100, 41, 14, 8, 7
Dupe staple, 797, 12720, 253, 482030, 42, 14, 8, 7
Bought special, 831, 12720, 45, 503450, 43, 14, 8, 8
Dupe special, 870, 12720, 902, 528020, 44, 14, 8, 8
Dupe common, 897, 12720, 753, 545030, 45, 14, 8, 8
Bought staple, 900, 12720, 67, 546920, 45, 15, 8, 8
Bought special, 939, 12720, 49, 571490, 46, 15, 8, 9
Bought special, 976, 12720, 30, 594800, 47, 15, 8, 10
Bought special, 1013, 12720, 11, 618110, 48, 15, 8, 11
Dupe staple, 1025, 12720, 292, 625670, 49, 15, 8, 11
Bought staple, 1035, 12720, 47, 631970, 49, 16, 8, 11
Bought special, 1072, 12720, 28, 655280, 50, 16, 8, 12
Bought staple, 1084, 12720, 59, 662840, 51, 17, 8, 12
Dupe staple, 1097, 12720, 253, 671030, 51, 17, 8, 12
Bought common, 1131, 12720, 45, 692450, 52, 17, 9, 12
Dupe staple, 1142, 12720, 263, 699380, 53, 17, 9, 12
Bought common, 1178, 12720, 56, 722060, 54, 17, 10, 12
Dupe staple, 1190, 12720, 312, 729620, 54, 17, 10, 12
Bought common, 1225, 12720, 42, 751670, 55, 17, 11, 12
Bought common, 1262, 12720, 23, 774980, 56, 17, 12, 12
Dupe staple, 1274, 12720, 304, 782540, 57, 17, 12, 12
Bought common, 1309, 12720, 34, 804590, 58, 17, 13, 12
Bought special, 1346, 12720, 15, 827900, 59, 17, 13, 13
Bought common, 1384, 12720, 59, 851840, 60, 17, 14, 13
Bought common, 1421, 12720, 40, 875150, 61, 17, 15, 13
Bought common, 1460, 12720, 297, 899720, 63, 17, 16, 13
Dupe staple, 1470, 12720, 302, 906020, 63, 17, 16, 13
Bought common, 1505, 12720, 32, 928070, 64, 17, 17, 13
Bought staple, 1519, 12720, 39, 936890, 64, 18, 17, 13
Bought special, 1555, 12720, 107, 959570, 66, 18, 17, 14
Bought common, 1591, 12720, 25, 982250, 67, 18, 18, 14
Dupe common, 1630, 12720, 882, 1006820, 68, 18, 18, 14
Bought common, 1658, 12720, 46, 1024460, 69, 18, 19, 14
Dupe special, 1695, 12720, 777, 1047770, 70, 18, 19, 14
Dupe staple, 1699, 12720, 279, 1050290, 70, 18, 19, 14
Bought common, 1732, 12720, 8, 1071080, 71, 18, 20, 14
Bought common, 1770, 12720, 52, 1095020, 72, 18, 21, 14
Bought special, 1809, 12720, 184, 1119590, 74, 18, 21, 15
Bought special, 1844, 12720, 39, 1141640, 75, 18, 21, 16
Dupe staple, 1858, 12720, 296, 1150460, 75, 18, 21, 16
Bought special, 1891, 12720, 25, 1171250, 76, 18, 21, 17
Dupe special, 1930, 12720, 882, 1195820, 77, 18, 21, 17
Bought staple, 1932, 12720, 8, 1197080, 77, 19, 21, 17
Dupe special, 1969, 12720, 764, 1220390, 79, 19, 21, 17
Bought special, 1999, 12720, 179, 1239290, 80, 19, 21, 18
Dupe special, 2034, 12720, 784, 1261340, 81, 19, 21, 18
Bought common, 2063, 12720, 136, 1279610, 82, 19, 22, 18
Dupe special, 2100, 12720, 867, 1302920, 83, 19, 22, 18
Bought special, 2128, 12720, 31, 1320560, 84, 19, 22, 19
Dupe common, 2165, 12720, 762, 1343870, 85, 19, 22, 19
Bought special, 2193, 12720, 51, 1361510, 86, 19, 22, 20
Dupe common, 2230, 12720, 782, 1384820, 87, 19, 22, 20
Dupe special, 2259, 12720, 759, 1403090, 88, 19, 22, 20
Bought common, 2287, 12720, 48, 1420730, 89, 19, 23, 20
Bought common, 2324, 12720, 29, 1444040, 90, 19, 24, 20
Dupe common, 2361, 12720, 760, 1467350, 91, 19, 24, 20
Bought special, 2390, 12720, 112, 1485620, 92, 19, 24, 21
Bought special, 2428, 12720, 31, 1509560, 93, 19, 24, 22
Bought common, 2465, 12720, 12, 1532870, 94, 19, 25, 22
Dupe common, 2503, 12720, 806, 1556810, 95, 19, 25, 22
Bought special, 2530, 12720, 32, 1573820, 96, 19, 25, 23
Bought common, 2569, 12720, 14, 1598390, 97, 19, 26, 23
Dupe common, 2604, 12720, 769, 1620440, 99, 19, 26, 23
Bought common, 2634, 12720, 184, 1639340, 100, 19, 27, 23
Dupe special, 2670, 12720, 852, 1662020, 101, 19, 27, 23
Dupe special, 2698, 12720, 766, 1679660, 102, 19, 27, 23
Bought special, 2728, 12720, 31, 1698560, 102, 19, 27, 24
Dupe common, 2763, 12720, 786, 1720610, 104, 19, 27, 24
Dupe common, 2793, 12720, 951, 1739510, 105, 19, 27, 24
Bought special, 2820, 12720, 27, 1756520, 105, 19, 27, 25
Dupe special, 2857, 12720, 783, 1779830, 107, 19, 27, 25
Bought special, 2887, 12720, 48, 1798730, 107, 19, 27, 26
Dupe special, 2922, 12720, 803, 1820780, 109, 19, 27, 26
Bought special, 2951, 12720, 5, 1839050, 109, 19, 27, 27
Bought special, 2988, 12720, 11, 1862360, 111, 19, 27, 28
Dupe special, 3026, 12720, 805, 1886300, 112, 19, 27, 28
Dupe special, 3053, 12720, 781, 1903310, 113, 19, 27, 28
Bought special, 3080, 12720, 7, 1920320, 114, 19, 27, 29
Dupe common, 3120, 12720, 927, 1945520, 115, 19, 27, 29
Dupe special, 3147, 12720, 778, 1962530, 116, 19, 27, 29
Bought common, 3174, 12720, 4, 1979540, 117, 19, 28, 29
Dupe common, 3212, 12720, 798, 2003480, 118, 19, 28, 29
Bought common, 3240, 12720, 87, 2021120, 119, 19, 29, 29
Dupe common, 3278, 12720, 756, 2045060, 120, 19, 29, 29
Dupe special, 3306, 12720, 795, 2062700, 121, 19, 29, 29
Dupe common, 3333, 12720, 771, 2079710, 122, 19, 29, 29
Dupe special, 3363, 12720, 786, 2098610, 122, 19, 29, 29
Dupe common, 3390, 12720, 762, 2115620, 123, 19, 29, 29
Dupe special, 3420, 12720, 927, 2134520, 124, 19, 29, 29
Bought special, 3447, 12720, 28, 2151530, 125, 19, 29, 30

Bought staple, 6, 5040, 29, 1540, 5, 1, 0, 0
Dupe staple, 19, 6960, 255, 5550, 8, 1, 0, 0
Bought staple, 28, 7920, 18, 8930, 10, 2, 0, 0
Bought common, 70, 9840, 119, 27690, 14, 2, 1, 0
Bought staple, 83, 10320, 201, 34260, 16, 3, 1, 0
Bought special, 118, 12240, 176, 54260, 20, 3, 1, 1
Bought staple, 127, 12720, 18, 59930, 21, 4, 1, 1
Dupe staple, 140, 12720, 337, 68120, 21, 4, 1, 1
Bought staple, 150, 12720, 92, 74420, 21, 5, 1, 1
Bought staple, 161, 12720, 60, 81350, 22, 6, 1, 1
Bought staple, 174, 12720, 4, 89540, 22, 7, 1, 1
Bought special, 212, 12720, 48, 113480, 23, 7, 1, 2
Bought staple, 223, 12720, 16, 120410, 24, 8, 1, 2
Bought staple, 237, 12720, 23, 129230, 24, 9, 1, 2
Bought staple, 250, 12720, 92, 137420, 24, 10, 1, 2
Dupe staple, 261, 12720, 310, 144350, 25, 10, 1, 2
Bought common, 296, 12720, 40, 166400, 26, 10, 2, 2
Bought common, 333, 12720, 21, 189710, 27, 10, 3, 2
Bought special, 370, 12720, 2, 213020, 28, 10, 3, 3
Bought staple, 382, 12720, 33, 220580, 29, 11, 3, 3
Bought common, 420, 12720, 77, 244520, 30, 11, 4, 3
Bought common, 459, 12720, 59, 269090, 31, 11, 5, 3
Bought common, 496, 12720, 40, 292400, 32, 11, 6, 3
Bought special, 533, 12720, 21, 315710, 33, 11, 6, 4
Bought common, 570, 12720, 2, 339020, 34, 11, 7, 4
Bought staple, 582, 12720, 33, 346580, 35, 12, 7, 4
Dupe common, 620, 12720, 827, 370520, 36, 12, 7, 4
Bought common, 649, 12720, 54, 388790, 37, 12, 8, 4
Bought special, 686, 12720, 35, 412100, 38, 12, 8, 5
Bought special, 723, 12720, 16, 435410, 39, 12, 8, 6
Bought special, 761, 12720, 210, 459350, 41, 12, 8, 7
Bought common, 797, 12720, 3, 482030, 42, 12, 9, 7
Dupe staple, 810, 12720, 322, 490220, 42, 12, 9, 7
Bought staple, 820, 12720, 77, 496520, 42, 13, 9, 7
Bought staple, 831, 12720, 45, 503450, 43, 14, 9, 7
Bought common, 870, 12720, 152, 528020, 44, 14, 10, 7
Bought common, 907, 12720, 8, 551330, 45, 14, 11, 7
Dupe special, 945, 12720, 802, 575270, 46, 14, 11, 7
Dupe staple, 949, 12720, 304, 577790, 46, 14, 11, 7
Dupe common, 982, 12720, 783, 598580, 47, 14, 11, 7
Bought staple, 984, 12720, 59, 599840, 48, 15, 11, 7
Dupe staple, 997, 12720, 253, 608030, 48, 15, 11, 7
Bought special, 1031, 12720, 45, 629450, 49, 15, 11, 8
Bought special, 1070, 12720, 152, 654020, 50, 15, 11, 9
Bought common, 1107, 12720, 8, 677330, 51, 15, 12, 9
Bought common, 1142, 12720, 13, 699380, 53, 15, 13, 9
Bought staple, 1156, 12720, 20, 708200, 53, 16, 13, 9
Bought special, 1193, 12720, 1, 731510, 54, 16, 13, 10
Bought common, 1231, 12720, 45, 755450, 55, 16, 14, 10
Bought common, 1269, 12720, 114, 779390, 57, 16, 15, 10
Bought special, 1305, 12720, 32, 802070, 58, 16, 15, 11
Bought special, 1342, 12720, 13, 825380, 59, 16, 15, 12
Dupe staple, 1356, 12720, 270, 834200, 59, 16, 15, 12
Dupe staple, 1364, 12720, 299, 839240, 60, 16, 15, 12
Bought common, 1399, 12720, 29, 861290, 61, 16, 16, 12
Dupe staple, 1411, 12720, 285, 868850, 61, 16, 16, 12
Bought special, 1446, 12720, 15, 890900, 62, 16, 16, 13
Bought staple, 1460, 12720, 297, 899720, 63, 17, 16, 13
Bought special, 1495, 12720, 27, 921770, 64, 17, 16, 14
Bought common, 1532, 12720, 8, 945080, 65, 17, 17, 14
Dupe staple, 1546, 12720, 265, 953900, 65, 17, 17, 14
Dupe staple, 1555, 12720, 357, 959570, 66, 17, 17, 14
Bought special, 1589, 12720, 24, 980990, 67, 17, 17, 15
Dupe staple, 1601, 12720, 280, 988550, 67, 17, 17, 15
Bought common, 1636, 12720, 10, 1010600, 68, 17, 18, 15
Dupe staple, 1650, 12720, 542, 1019420, 69, 17, 18, 15
Bought special, 1682, 12720, 83, 1039580, 70, 17, 18, 16
Dupe staple, 1695, 12720, 277, 1047770, 70, 17, 18, 16
Dupe common, 1730, 12720, 882, 1069820, 71, 17, 18, 16
Bought common, 1758, 12720, 46, 1087460, 72, 17, 19, 16
Bought special, 1795, 12720, 27, 1110770, 73, 17, 19, 17
Dupe staple, 1809, 12720, 434, 1119590, 74, 17, 19, 17
Bought special, 1840, 12720, 37, 1139120, 75, 17, 19, 18
Bought special, 1879, 12720, 19, 1163690, 76, 17, 19, 19
Bought common, 1917, 12720, 63, 1187630, 77, 17, 20, 19
Dupe special, 1954, 12720, 794, 1210940, 78, 17, 20, 19
Dupe staple, 1958, 12720, 296, 1213460, 78, 17, 20, 19
Bought staple, 1967, 12720, 138, 1219130, 79, 18, 20, 19
Bought common, 2003, 12720, 56, 1241810, 80, 18, 21, 19
Dupe common, 2040, 12720, 787, 1265120, 81, 18, 21, 19
Dupe special, 2069, 12720, 764, 1283390, 82, 18, 21, 19
Bought special, 2097, 12720, 53, 1301030, 83, 18, 21, 20
Bought common, 2134, 12720, 34, 1324340, 84, 18, 22, 20
Dupe special, 2171, 12720, 765, 1347650, 85, 18, 22, 20
Dupe common, 2200, 12720, 867, 1365920, 86, 18, 22, 20
Bought special, 2228, 12720, 31, 1383560, 87, 18, 22, 21
Dupe staple, 2240, 12720, 287, 1391120, 87, 18, 22, 21
Bought special, 2275, 12720, 17, 1413170, 88, 18, 22, 22
Dupe special, 2313, 12720, 811, 1437110, 89, 18, 22, 22
Bought common, 2340, 12720, 37, 1454120, 90, 18, 23, 22
Dupe special, 2379, 12720, 769, 1478690, 91, 18, 23, 22
Bought special, 2407, 12720, 58, 1496330, 92, 18, 23, 23
Bought common, 2444, 12720, 189, 1519640, 94, 18, 24, 23
Bought special, 2480, 12720, 107, 1542320, 95, 18, 24, 24
Dupe common, 2518, 12720, 776, 1566260, 96, 18, 24, 24
Dupe common, 2545, 12720, 752, 1583270, 97, 18, 24, 24
Bought common, 2573, 12720, 41, 1600910, 98, 18, 25, 24
Dupe staple, 2587, 12720, 298, 1609730, 98, 18, 25, 24
Dupe special, 2620, 12720, 777, 1630520, 99, 18, 25, 24
Dupe common, 2649, 12720, 754, 1648790, 100, 18, 25, 24
Bought common, 2677, 12720, 43, 1666430, 101, 18, 26, 24
Dupe staple, 2690, 12720, 362, 1674620, 101, 18, 26, 24
Bought special, 2724, 12720, 29, 1696040, 102, 18, 26, 25
Dupe special, 2761, 12720, 910, 1719350, 104, 18, 26, 25
Dupe staple, 2763, 12720, 286, 1720610, 104, 18, 26, 25
Bought staple, 2773, 12720, 41, 1726910, 104, 19, 26, 25
Dupe common, 2810, 12720, 772, 1750220, 105, 19, 26, 25
Dupe common, 2840, 12720, 937, 1769120, 106, 19, 26, 25
Bought special, 2867, 12720, 38, 1786130, 107, 19, 26, 26
Dupe common, 2904, 12720, 769, 1809440, 108, 19, 26, 26
Dupe special, 2932, 12720, 808, 1827080, 109, 19, 26, 26
Bought special, 2960, 12720, 97, 1844720, 110, 19, 26, 27
Dupe common, 2998, 12720, 766, 1868660, 111, 19, 26, 27
Dupe common, 3026, 12720, 805, 1886300, 112, 19, 26, 27
Dupe special, 3053, 12720, 781, 1903310, 113, 19, 26, 27
Bought special, 3080, 12720, 7, 1920320, 114, 19, 26, 28
Bought common, 3120, 12720, 177, 1945520, 115, 19, 27, 28
Dupe special, 3157, 12720, 783, 1968830, 116, 19, 27, 28
Bought special, 3184, 12720, 9, 1985840, 117, 19, 27, 29
Dupe common, 3222, 12720, 803, 2009780, 118, 19, 27, 29
Dupe common, 3250, 12720, 842, 2027420, 119, 19, 27, 29
Bought common, 3278, 12720, 6, 2045060, 120, 19, 28, 29
Dupe special, 3316, 12720, 800, 2069000, 121, 19, 28, 29
Bought special, 3343, 12720, 26, 2086010, 122, 19, 28, 30
Dupe special, 3380, 12720, 757, 2109320, 123, 19, 28, 30
Dupe common, 3410, 12720, 922, 2128220, 124, 19, 28, 30
Dupe common, 3437, 12720, 773, 2145230, 125, 19, 28, 30
Dupe common, 3465, 12720, 812, 2162870, 126, 19, 28, 30
Dupe special, 3492, 12720, 788, 2179880, 127, 19, 28, 30
Dupe special, 3522, 12720, 803, 2198780, 127, 19, 28, 30
Dupe common, 3550, 12720, 842, 2216420, 128, 19, 28, 30
Dupe special, 3578, 12720, 756, 2234060, 129, 19, 28, 30
Dupe common, 3606, 12720, 795, 2251700, 130, 19, 28, 30
Bought common, 3633, 12720, 21, 2268710, 131, 19, 29, 30

Bought staple, 6, 5040, 29, 1540, 5, 1, 0, 0
Bought staple, 19, 6960, 5, 5550, 8, 2, 0, 0
Bought staple, 30, 8400, 124, 9740, 11, 3, 0, 0
Bought special, 73, 9840, 166, 29160, 15, 3, 0, 1
Bought staple, 84, 10800, 5, 34800, 16, 4, 0, 1
Bought staple, 98, 11280, 48, 42480, 17, 5, 0, 1
Dupe staple, 110, 11760, 538, 49380, 19, 5, 0, 1
Bought staple, 118, 12240, 176, 54260, 20, 6, 0, 1
Bought special, 153, 12720, 31, 76310, 21, 6, 0, 2
Bought special, 190, 12720, 162, 99620, 23, 6, 0, 3
Bought common, 227, 12720, 18, 122930, 24, 6, 1, 3
Dupe staple, 240, 12720, 337, 131120, 24, 6, 1, 3
Bought special, 274, 12720, 4, 152540, 25, 6, 1, 4
Bought staple, 286, 12720, 35, 160100, 26, 7, 1, 4
Bought staple, 300, 12720, 167, 168920, 26, 8, 1, 4
Bought staple, 312, 12720, 48, 176480, 26, 9, 1, 4
Dupe staple, 323, 12720, 266, 183410, 27, 9, 1, 4
Bought common, 359, 12720, 59, 206090, 28, 9, 2, 4
Bought staple, 370, 12720, 2, 213020, 28, 10, 2, 4
Dupe staple, 382, 12720, 283, 220580, 29, 10, 2, 4
Bought staple, 392, 12720, 38, 226880, 29, 11, 2, 4
Bought special, 430, 12720, 82, 250820, 30, 11, 2, 5
Bought common, 468, 12720, 1, 274760, 31, 11, 3, 5
Dupe staple, 480, 12720, 407, 282320, 32, 11, 3, 5
Bought staple, 490, 12720, 162, 288620, 32, 12, 3, 5
Bought staple, 502, 12720, 43, 296180, 32, 13, 3, 5
Bought staple, 513, 12720, 11, 303110, 33, 14, 3, 5
Dupe staple, 527, 12720, 268, 311930, 33, 14, 3, 5
Bought staple, 537, 12720, 23, 318230, 33, 15, 3, 5
Bought common, 572, 12720, 28, 340280, 35, 15, 4, 5
Bought special, 610, 12720, 72, 364220, 36, 15, 4, 6
Bought common, 649, 12720, 54, 388790, 37, 15, 5, 6
Bought special, 686, 12720, 35, 412100, 38, 15, 5, 7
Bought special, 723, 12720, 16, 435410, 39, 15, 5, 8
Bought special, 761, 12720, 210, 459350, 41, 15, 5, 9
Bought special, 797, 12720, 3, 482030, 42, 15, 5, 10
Dupe staple, 810, 12720, 322, 490220, 42, 15, 5, 10
Bought common, 845, 12720, 52, 512270, 43, 15, 6, 10
Bought special, 882, 12720, 33, 535580, 44, 15, 6, 11
Bought special, 920, 12720, 227, 559520, 46, 15, 6, 12
Dupe staple, 931, 12720, 295, 566450, 46, 15, 6, 12
Dupe special, 966, 12720, 775, 588500, 47, 15, 6, 12
Bought special, 993, 12720, 1, 605510, 48, 15, 6, 13
Bought common, 1031, 12720, 45, 629450, 49, 15, 7, 13
Bought common, 1070, 12720, 152, 654020, 50, 15, 8, 13
Bought special, 1107, 12720, 8, 677330, 51, 15, 8, 14
Dupe special, 1142, 12720, 763, 699380, 53, 15, 8, 14
Bought staple, 1146, 12720, 15, 701900, 53, 16, 8, 14
Dupe staple, 1160, 12720, 397, 710720, 53, 16, 8, 14
Bought common, 1193, 12720, 1, 731510, 54, 16, 9, 14
Bought common, 1231, 12720, 45, 755450, 55, 16, 10, 14
Bought common, 1269, 12720, 114, 779390, 57, 16, 11, 14
Bought common, 1305, 12720, 32, 802070, 58, 16, 12, 14
Dupe staple, 1319, 12720, 289, 810890, 58, 16, 12, 14
Bought common, 1352, 12720, 18, 831680, 59, 16, 13, 14
Dupe special, 1390, 12720, 812, 855620, 60, 16, 13, 14
Bought staple, 1393, 12720, 1, 857510, 60, 17, 13, 14
Dupe staple, 1405, 12720, 282, 865070, 61, 17, 13, 14
Dupe staple, 1415, 12720, 287, 871370, 61, 17, 13, 14
Bought special, 1450, 12720, 142, 893420, 62, 17, 13, 15
Dupe common, 1488, 12720, 811, 917360, 63, 17, 13, 15
Bought common, 1515, 12720, 37, 934370, 64, 17, 14, 15
Dupe special, 1552, 12720, 768, 957680, 65, 17, 14, 15
Dupe special, 1580, 12720, 807, 975320, 66, 17, 14, 15
Dupe common, 1609, 12720, 784, 993590, 67, 17, 14, 15
Bought special, 1636, 12720, 10, 1010600, 68, 17, 14, 16
Dupe common, 1674, 12720, 804, 1034540, 69, 17, 14, 16
Dupe staple, 1678, 12720, 306, 1037060, 69, 17, 14, 16
Dupe special, 1711, 12720, 785, 1057850, 70, 17, 14, 16
Bought staple, 1713, 12720, 61, 1059110, 71, 18, 14, 16
Bought special, 1750, 12720, 42, 1082420, 72, 18, 14, 17
Dupe staple, 1764, 12720, 299, 1091240, 72, 18, 14, 17
Bought common, 1799, 12720, 29, 1113290, 73, 18, 15, 17
Bought common, 1836, 12720, 10, 1136600, 74, 18, 16, 17
Bought common, 1872, 12720, 78, 1159280, 76, 18, 17, 17
Dupe special, 1910, 12720, 872, 1183220, 77, 18, 17, 17
Bought common, 1938, 12720, 36, 1200860, 78, 18, 18, 17
Bought common, 1975, 12720, 17, 1224170, 79, 18, 19, 17
Bought common, 2013, 12720, 61, 1248110, 80, 18, 20, 17
Bought common, 2050, 12720, 42, 1271420, 81, 18, 21, 17
Bought special, 2089, 12720, 24, 1295990, 82, 18, 21, 18
Dupe common, 2126, 12720, 905, 1319300, 84, 18, 21, 18
Bought special, 2154, 12720, 44, 1336940, 84, 18, 21, 19
Dupe common, 2190, 12720, 862, 1359620, 86, 18, 21, 19
Bought special, 2220, 12720, 127, 1378520, 86, 18, 21, 20
Bought special, 2255, 12720, 7, 1400570, 88, 18, 21, 21
Bought common, 2293, 12720, 51, 1424510, 89, 18, 22, 21
Dupe staple, 2307, 12720, 308, 1433330, 89, 18, 22, 21
Dupe common, 2340, 12720, 787, 1454120, 90, 18, 22, 21
Dupe common, 2369, 12720, 764, 1472390, 91, 18, 22, 21
Bought special, 2397, 12720, 53, 1490030, 92, 18, 22, 22
Dupe special, 2434, 12720, 784, 1513340, 93, 18, 22, 22
Dupe staple, 2438, 12720, 286, 1515860, 93, 18, 22, 22
Bought special, 2471, 12720, 15, 1536650, 94, 18, 22, 23
Dupe common, 2508, 12720, 771, 1559960, 96, 18, 22, 23
Bought common, 2538, 12720, 36, 1578860, 96, 18, 23, 23
Dupe staple, 2549, 12720, 254, 1585790, 97, 18, 23, 23
Bought common, 2583, 12720, 46, 1607210, 98, 18, 24, 23
Dupe common, 2620, 12720, 777, 1630520, 99, 18, 24, 23
Dupe common, 2649, 12720, 754, 1648790, 100, 18, 24, 23
Bought staple, 2651, 12720, 5, 1650050, 100, 19, 24, 23
Bought common, 2690, 12720, 112, 1674620, 101, 19, 25, 23
Bought special, 2728, 12720, 31, 1698560, 102, 19, 25, 24
Bought special, 2763, 12720, 36, 1720610, 104, 19, 25, 25
Dupe special, 2800, 12720, 767, 1743920, 105, 19, 25, 25
Dupe special, 2830, 12720, 932, 1762820, 106, 19, 25, 25
Bought special, 2857, 12720, 33, 1779830, 107, 19, 25, 26
Dupe special, 2894, 12720, 764, 1803140, 108, 19, 25, 26
Bought special, 2922, 12720, 53, 1820780, 109, 19, 25, 27
Bought common, 2960, 12720, 97, 1844720, 110, 19, 26, 27
Dupe common, 2998, 12720, 766, 1868660, 111, 19, 26, 27
Dupe special, 3026, 12720, 805, 1886300, 112, 19, 26, 27
Dupe common, 3053, 12720, 781, 1903310, 113, 19, 26, 27
Bought common, 3080, 12720, 7, 1920320, 114, 19, 27, 27
Bought special, 3120, 12720, 177, 1945520, 115, 19, 27, 28
Dupe common, 3157, 12720, 783, 1968830, 116, 19, 27, 28
Bought common, 3184, 12720, 9, 1985840, 117, 19, 28, 28
Dupe common, 3222, 12720, 803, 2009780, 118, 19, 28, 28
Dupe special, 3250, 12720, 842, 2027420, 119, 19, 28, 28
Dupe common, 3278, 12720, 756, 2045060, 120, 19, 28, 28
Bought special, 3306, 12720, 45, 2062700, 121, 19, 28, 29
Dupe common, 3343, 12720, 776, 2086010, 122, 19, 28, 29
Dupe common, 3370, 12720, 752, 2103020, 123, 19, 28, 29
Dupe common, 3400, 12720, 917, 2121920, 124, 19, 28, 29
Dupe special, 3428, 12720, 831, 2139560, 125, 19, 28, 29
Dupe common, 3457, 12720, 783, 2157830, 125, 19, 28, 29
Bought common, 3484, 12720, 9, 2174840, 126, 19, 29, 29
Dupe common, 3522, 12720, 803, 2198780, 127, 19, 29, 29
Dupe special, 3550, 12720, 842, 2216420, 128, 19, 29, 29
Dupe special, 3578, 12720, 756, 2234060, 129, 19, 29, 29
Dupe common, 3606, 12720, 795, 2251700, 130, 19, 29, 29
Dupe common, 3633, 12720, 771, 2268710, 131, 19, 29, 29
Dupe common, 3661, 12720, 810, 2286350, 132, 19, 29, 29
Dupe special, 3690, 12720, 912, 2304620, 133, 19, 29, 29
Dupe special, 3717, 12720, 763, 2321630, 134, 19, 29, 29
Dupe special, 3745, 12720, 802, 2339270, 135, 19, 29, 29
Dupe special, 3774, 12720, 754, 2357540, 135, 19, 29, 29
Dupe special, 3802, 12720, 793, 2375180, 136, 19, 29, 29
Bought special, 3830, 12720, 82, 2392820, 137, 19, 29, 30

Bought staple, 6, 5040, 29, 1540, 5, 1, 0, 0
Bought staple, 19, 6960, 5, 5550, 8, 2, 0, 0
Bought staple, 30, 8400, 124, 9740, 11, 3, 0, 0
Bought staple, 45, 8880, 37, 16120, 12, 4, 0, 0
Bought common, 84, 10800, 5, 34800, 16, 4, 1, 0
Bought common, 120, 12720, 177, 55520, 20, 4, 2, 0
Bought staple, 130, 12720, 82, 61820, 21, 5, 2, 0
Bought staple, 143, 12720, 26, 70010, 21, 6, 2, 0
Bought staple, 157, 12720, 33, 78830, 21, 7, 2, 0
Bought staple, 168, 12720, 1, 85760, 22, 8, 2, 0
Bought special, 206, 12720, 45, 109700, 23, 8, 2, 1
Bought staple, 220, 12720, 177, 118520, 23, 9, 2, 1
Bought special, 255, 12720, 57, 140570, 25, 9, 2, 2
Bought staple, 268, 12720, 1, 148760, 25, 10, 2, 2
Bought special, 306, 12720, 45, 172700, 26, 10, 2, 3
Bought special, 343, 12720, 26, 196010, 27, 10, 2, 4
Bought staple, 355, 12720, 57, 203570, 28, 11, 2, 4
Bought staple, 368, 12720, 1, 211760, 28, 12, 2, 4
Dupe staple, 380, 12720, 407, 219320, 29, 12, 2, 4
Bought staple, 390, 12720, 162, 225620, 29, 13, 2, 4
Dupe staple, 402, 12720, 293, 233180, 29, 13, 2, 4
Bought common, 437, 12720, 23, 255230, 30, 13, 3, 4
Bought special, 474, 12720, 4, 278540, 31, 13, 3, 5
Bought staple, 486, 12720, 35, 286100, 32, 14, 3, 5
Dupe staple, 500, 12720, 417, 294920, 32, 14, 3, 5
Bought staple, 507, 12720, 8, 299330, 33, 15, 3, 5
Bought special, 545, 12720, 52, 323270, 34, 15, 3, 6
Dupe staple, 559, 12720, 309, 332090, 34, 15, 3, 6
Bought special, 592, 12720, 38, 352880, 35, 15, 3, 7
Bought common, 630, 12720, 82, 376820, 36, 15, 4, 7
Bought special, 666, 12720, 25, 399500, 38, 15, 4, 8
Bought common, 703, 12720, 6, 422810, 39, 15, 5, 8
Bought common, 741, 12720, 50, 446750, 40, 15, 6, 8
Dupe staple, 755, 12720, 307, 455570, 40, 15, 6, 8
Dupe common, 790, 12720, 912, 477620, 41, 15, 6, 8
Dupe staple, 792, 12720, 288, 478880, 41, 15, 6, 8
Bought common, 825, 12720, 42, 499670, 43, 15, 7, 8
Dupe staple, 839, 12720, 299, 508490, 43, 15, 7, 8
Bought special, 872, 12720, 28, 529280, 44, 15, 7, 9
Bought special, 910, 12720, 72, 553220, 45, 15, 7, 10
Bought common, 949, 12720, 54, 577790, 46, 15, 8, 10
Bought common, 984, 12720, 59, 599840, 48, 15, 9, 10
Dupe special, 1021, 12720, 790, 623150, 49, 15, 9, 10
Bought special, 1050, 12720, 142, 641420, 50, 15, 9, 11
Bought common, 1088, 12720, 61, 665360, 51, 15, 10, 11
Bought special, 1125, 12720, 42, 688670, 52, 15, 10, 12
Dupe staple, 1139, 12720, 299, 697490, 52, 15, 10, 12
Bought staple, 1146, 12720, 15, 701900, 53, 16, 10, 12
Dupe staple, 1160, 12720, 397, 710720, 53, 16, 10, 12
Bought special, 1193, 12720, 1, 731510, 54, 16, 10, 13
Dupe special, 1231, 12720, 795, 755450, 55, 16, 10, 13
Dupe staple, 1235, 12720, 297, 757970, 55, 16, 10, 13
Bought special, 1269, 12720, 114, 779390, 57, 16, 10, 14
Bought special, 1305, 12720, 32, 802070, 58, 16, 10, 15
Dupe staple, 1319, 12720, 289, 810890, 58, 16, 10, 15
Dupe special, 1352, 12720, 768, 831680, 59, 16, 10, 15
Bought special, 1380, 12720, 57, 849320, 60, 16, 10, 16
Bought special, 1419, 12720, 39, 873890, 61, 16, 10, 17
Bought common, 1456, 12720, 20, 897200, 62, 16, 11, 17
Bought common, 1491, 12720, 25, 919250, 64, 16, 12, 17
Bought special, 1530, 12720, 132, 943820, 65, 16, 12, 18
Bought special, 1568, 12720, 51, 967760, 66, 16, 12, 19
Bought staple, 1580, 12720, 57, 975320, 66, 17, 12, 19
Bought special, 1618, 12720, 126, 999260, 68, 17, 12, 20
Dupe special, 1654, 12720, 794, 1021940, 69, 17, 12, 20
Bought common, 1682, 12720, 83, 1039580, 70, 17, 13, 20
Dupe special, 1720, 12720, 877, 1063520, 71, 17, 13, 20
Dupe staple, 1722, 12720, 253, 1064780, 71, 17, 13, 20
Bought special, 1758, 12720, 46, 1087460, 72, 17, 13, 21
Dupe staple, 1770, 12720, 302, 1095020, 72, 17, 13, 21
Bought common, 1805, 12720, 32, 1117070, 73, 17, 14, 21
Dupe special, 1840, 12720, 787, 1139120, 75, 17, 14, 21
Bought special, 1870, 12720, 52, 1158020, 75, 17, 14, 22
Bought staple, 1881, 12720, 20, 1164950, 76, 18, 14, 22
Bought common, 1920, 12720, 127, 1189520, 77, 18, 15, 22
Dupe staple, 1932, 12720, 258, 1197080, 77, 18, 15, 22
Bought special, 1967, 12720, 138, 1219130, 79, 18, 15, 23
Dupe common, 2003, 12720, 806, 1241810, 80, 18, 15, 23
Dupe special, 2031, 12720, 845, 1259450, 81, 18, 15, 23
Dupe common, 2060, 12720, 797, 1277720, 81, 18, 15, 23
Dupe staple, 2063, 12720, 386, 1279610, 82, 18, 15, 23
Bought common, 2097, 12720, 53, 1301030, 83, 18, 16, 23
Dupe common, 2134, 12720, 784, 1324340, 84, 18, 16, 23
Bought special, 2161, 12720, 10, 1341350, 85, 18, 16, 24
Bought common, 2200, 12720, 117, 1365920, 86, 18, 17, 24
Dupe special, 2238, 12720, 786, 1389860, 87, 18, 17, 24
Bought special, 2265, 12720, 12, 1406870, 88, 18, 17, 25
Bought common, 2303, 12720, 56, 1430810, 89, 18, 18, 25
Bought common, 2340, 12720, 37, 1454120, 90, 18, 19, 25
Dupe special, 2379, 12720, 769, 1478690, 91, 18, 19, 25
Dupe common, 2407, 12720, 808, 1496330, 92, 18, 19, 25
Bought common, 2434, 12720, 34, 1513340, 93, 18, 20, 25
Dupe special, 2471, 12720, 765, 1536650, 94, 18, 20, 25
Bought special, 2500, 12720, 117, 1554920, 95, 18, 20, 26
Dupe common, 2538, 12720, 786, 1578860, 96, 18, 20, 26
Bought common, 2565, 12720, 12, 1595870, 97, 18, 21, 26
Bought special, 2602, 12720, 143, 1619180, 99, 18, 21, 27
Dupe staple, 2614, 12720, 274, 1626740, 99, 18, 21, 27
Dupe special, 2649, 12720, 754, 1648790, 100, 18, 21, 27
Bought common, 2677, 12720, 43, 1666430, 101, 18, 22, 27
Dupe common, 2714, 12720, 774, 1689740, 102, 18, 22, 27
Bought common, 2742, 12720, 63, 1707380, 103, 18, 23, 27
Dupe staple, 2755, 12720, 257, 1715570, 103, 18, 23, 27
Dupe special, 2790, 12720, 862, 1737620, 104, 18, 23, 27
Bought common, 2818, 12720, 26, 1755260, 105, 18, 24, 27
Dupe special, 2855, 12720, 757, 1778570, 106, 18, 24, 27
Dupe staple, 2857, 12720, 283, 1779830, 107, 18, 24, 27
Bought common, 2890, 12720, 12, 1800620, 108, 18, 25, 27
Dupe special, 2930, 12720, 932, 1825820, 109, 18, 25, 27
Dupe special, 2957, 12720, 783, 1842830, 110, 18, 25, 27
Dupe special, 2984, 12720, 759, 1859840, 111, 18, 25, 27
Dupe staple, 2988, 12720, 261, 1862360, 111, 18, 25, 27
Bought staple, 2998, 12720, 16, 1868660, 111, 19, 25, 27
Dupe common, 3036, 12720, 810, 1892600, 112, 19, 25, 27
Bought special, 3063, 12720, 36, 1909610, 113, 19, 25, 28
Dupe special, 3100, 12720, 767, 1932920, 114, 19, 25, 28
Dupe special, 3130, 12720, 932, 1951820, 115, 19, 25, 28
Dupe special, 3157, 12720, 783, 1968830, 116, 19, 25, 28
Dupe common, 3184, 12720, 759, 1985840, 117, 19, 25, 28
Dupe special, 3212, 12720, 798, 2003480, 118, 19, 25, 28
Bought special, 3240, 12720, 87, 2021120, 119, 19, 25, 29
Dupe special, 3278, 12720, 756, 2045060, 120, 19, 25, 29
Dupe common, 3306, 12720, 795, 2062700, 121, 19, 25, 29
Bought common, 3333, 12720, 21, 2079710, 122, 19, 26, 29
Dupe special, 3370, 12720, 752, 2103020, 123, 19, 26, 29
Dupe special, 3400, 12720, 917, 2121920, 124, 19, 26, 29
Bought common, 3428, 12720, 81, 2139560, 125, 19, 27, 29
Dupe special, 3465, 12720, 812, 2162870, 126, 19, 27, 29
Dupe common, 3492, 12720, 788, 2179880, 127, 19, 27, 29
Bought special, 3522, 12720, 53, 2198780, 127, 19, 27, 30
Dupe common, 3559, 12720, 809, 2222090, 129, 19, 27, 30
Dupe common, 3587, 12720, 848, 2239730, 130, 19, 27, 30
Dupe common, 3616, 12720, 800, 2258000, 130, 19, 27, 30
Dupe special, 3643, 12720, 776, 2275010, 131, 19, 27, 30
Dupe common, 3670, 12720, 752, 2292020, 132, 19, 27, 30
Dupe special, 3700, 12720, 917, 2310920, 133, 19, 27, 30
Dupe common, 3727, 12720, 768, 2327930, 134, 19, 27, 30
Dupe special, 3755, 12720, 807, 2345570, 135, 19, 27, 30
Dupe common, 3782, 12720, 783, 2362580, 136, 19, 27, 30
Bought common, 3810, 12720, 72, 2380220, 137, 19, 28, 30
Dupe common, 3849, 12720, 804, 2404790, 138, 19, 28, 30
Dupe special, 3876, 12720, 780, 2421800, 139, 19, 28, 30
Dupe special, 3904, 12720, 819, 2439440, 140, 19, 28, 30
Dupe common, 3933, 12720, 771, 2457710, 140, 19, 28, 30
Bought common, 3961, 12720, 60, 2475350, 141, 19, 29, 30

Bought staple, 6, 5040, 29, 1540, 5, 1, 0, 0
Bought staple, 19, 6960, 5, 5550, 8, 2, 0, 0
Bought staple, 30, 8400, 124, 9740, 11, 3, 0, 0
Bought staple, 45, 8880, 37, 16120, 12, 4, 0, 0
Bought staple, 60, 9360, 113, 22880, 13, 5, 0, 0
Bought staple, 73, 9840, 166, 29160, 15, 6, 0, 0
Bought staple, 84, 10800, 5, 34800, 16, 7, 0, 0
Bought common, 120, 12720, 177, 55520, 20, 7, 1, 0
Dupe staple, 130, 12720, 332, 61820, 21, 7, 1, 0
Bought staple, 140, 12720, 87, 68120, 21, 8, 1, 0
Bought staple, 153, 12720, 31, 76310, 21, 9, 1, 0
Bought staple, 165, 12720, 62, 83870, 22, 10, 1, 0
Bought common, 202, 12720, 43, 107180, 23, 10, 2, 0
Dupe staple, 216, 12720, 300, 116000, 23, 10, 2, 0
Bought special, 250, 12720, 92, 137420, 24, 10, 2, 1
Dupe staple, 261, 12720, 310, 144350, 25, 10, 2, 1
Bought special, 296, 12720, 40, 166400, 26, 10, 2, 2
Bought staple, 310, 12720, 172, 175220, 26, 11, 2, 2
Bought common, 347, 12720, 28, 198530, 27, 11, 3, 2
Dupe staple, 359, 12720, 309, 206090, 28, 11, 3, 2
Bought special, 392, 12720, 38, 226880, 29, 11, 3, 3
Bought common, 430, 12720, 82, 250820, 30, 11, 4, 3
Bought special, 468, 12720, 1, 274760, 31, 11, 4, 4
Bought common, 506, 12720, 45, 298700, 32, 11, 5, 4
Bought special, 541, 12720, 50, 320750, 34, 11, 5, 5
Bought staple, 555, 12720, 57, 329570, 34, 12, 5, 5
Bought common, 592, 12720, 38, 352880, 35, 12, 6, 5
Bought common, 630, 12720, 82, 376820, 36, 12, 7, 5
Bought staple, 641, 12720, 50, 383750, 37, 13, 7, 5
Bought staple, 655, 12720, 57, 392570, 37, 14, 7, 5
Bought common, 692, 12720, 38, 415880, 38, 14, 8, 5
Dupe special, 729, 12720, 794, 439190, 40, 14, 8, 5
Bought staple, 731, 12720, 45, 440450, 40, 15, 8, 5
Bought special, 770, 12720, 152, 465020, 41, 15, 8, 6
Dupe staple, 782, 12720, 283, 472580, 41, 15, 8, 6
Bought special, 817, 12720, 13, 494630, 42, 15, 8, 7
Bought staple, 829, 12720, 44, 502190, 43, 16, 8, 7
Bought special, 866, 12720, 25, 525500, 44, 16, 8, 8
Bought special, 903, 12720, 6, 548810, 45, 16, 8, 9
Bought common, 941, 12720, 50, 572750, 46, 16, 9, 9
Bought common, 980, 12720, 157, 597320, 47, 16, 10, 9
Bought common, 1015, 12720, 37, 619370, 49, 16, 11, 9
Dupe special, 1052, 12720, 768, 642680, 50, 16, 11, 9
Bought special, 1080, 12720, 57, 660320, 51, 16, 11, 10
Dupe special, 1119, 12720, 789, 684890, 52, 16, 11, 10
Bought common, 1146, 12720, 15, 701900, 53, 16, 12, 10
Bought staple, 1160, 12720, 147, 710720, 53, 17, 12, 10
Bought special, 1197, 12720, 3, 734030, 54, 17, 12, 11
Dupe common, 1235, 12720, 797, 757970, 55, 17, 12, 11
Bought staple, 1237, 12720, 73, 759230, 56, 18, 12, 11
Bought special, 1274, 12720, 54, 782540, 57, 18, 12, 12
Bought special, 1311, 12720, 35, 805850, 58, 18, 12, 13
Dupe special, 1350, 12720, 892, 830420, 59, 18, 12, 13
Bought common, 1378, 12720, 56, 848060, 60, 18, 13, 13
Bought common, 1415, 12720, 37, 871370, 61, 18, 14, 13
Bought common, 1452, 12720, 18, 894680, 62, 18, 15, 13
Dupe staple, 1464, 12720, 299, 902240, 63, 18, 15, 13
Dupe common, 1499, 12720, 779, 924290, 64, 18, 15, 13
Bought special, 1526, 12720, 5, 941300, 65, 18, 15, 14
Dupe special, 1564, 12720, 799, 965240, 66, 18, 15, 14
Dupe special, 1591, 12720, 775, 982250, 67, 18, 15, 14
Bought common, 1620, 12720, 127, 1000520, 68, 18, 16, 14
Dupe common, 1658, 12720, 796, 1024460, 69, 18, 16, 14
Bought common, 1685, 12720, 22, 1041470, 70, 18, 17, 14
Bought special, 1722, 12720, 3, 1064780, 71, 18, 17, 15
Bought common, 1760, 12720, 47, 1088720, 72, 18, 18, 15
Bought common, 1799, 12720, 29, 1113290, 73, 18, 19, 15
Dupe special, 1836, 12720, 760, 1136600, 74, 18, 19, 15
Dupe common, 1864, 12720, 799, 1154240, 75, 18, 19, 15
Bought special, 1891, 12720, 25, 1171250, 76, 18, 19, 16
Bought common, 1930, 12720, 132, 1195820, 77, 18, 20, 16
Dupe staple, 1940, 12720, 287, 1202120, 78, 18, 20, 16
Bought special, 1975, 12720, 17, 1224170, 79, 18, 20, 17
Dupe common, 2013, 12720, 811, 1248110, 80, 18, 20, 17
Dupe special, 2040, 12720, 787, 1265120, 81, 18, 20, 17
Bought special, 2069, 12720, 14, 1283390, 82, 18, 20, 18
Dupe special, 2107, 12720, 808, 1307330, 83, 18, 20, 18
Bought common, 2134, 12720, 34, 1324340, 84, 18, 21, 18
Bought special, 2171, 12720, 15, 1347650, 85, 18, 21, 19
Dupe staple, 2185, 12720, 272, 1356470, 85, 18, 21, 19
Dupe special, 2220, 12720, 877, 1378520, 86, 18, 21, 19
Bought common, 2248, 12720, 41, 1396160, 87, 18, 22, 19
Dupe common, 2285, 12720, 922, 1419470, 89, 18, 22, 19
Bought special, 2313, 12720, 61, 1437110, 89, 18, 22, 20
Dupe staple, 2324, 12720, 279, 1444040, 90, 18, 22, 20
Bought special, 2359, 12720, 9, 1466090, 91, 18, 22, 21
Dupe special, 2397, 12720, 803, 1490030, 92, 18, 22, 21
Dupe common, 2424, 12720, 779, 1507040, 93, 18, 22, 21
Bought common, 2451, 12720, 5, 1524050, 94, 18, 23, 21
Bought common, 2490, 12720, 112, 1548620, 95, 18, 24, 21
Bought common, 2528, 12720, 31, 1572560, 96, 18, 25, 21
Dupe common, 2565, 12720, 762, 1595870, 97, 18, 25, 21
Bought special, 2593, 12720, 51, 1613510, 98, 18, 25, 22
Dupe staple, 2604, 12720, 269, 1620440, 99, 18, 25, 22
Bought special, 2640, 12720, 187, 1643120, 100, 18, 25, 23
Dupe staple, 2651, 12720, 255, 1650050, 100, 18, 25, 23
Dupe common, 2687, 12720, 798, 1672730, 101, 18, 25, 23
Dupe staple, 2690, 12720, 362, 1674620, 101, 18, 25, 23
Dupe common, 2724, 12720, 779, 1696040, 102, 18, 25, 23
Bought common, 2751, 12720, 5, 1713050, 103, 18, 26, 23
Dupe special, 2790, 12720, 862, 1737620, 104, 18, 26, 23
Dupe staple, 2793, 12720, 451, 1739510, 105, 18, 26, 23
Bought special, 2826, 12720, 55, 1760300, 106, 18, 26, 24
Bought special, 2863, 12720, 36, 1783610, 107, 18, 26, 25
Dupe special, 2900, 12720, 767, 1806920, 108, 18, 26, 25
Bought common, 2930, 12720, 182, 1825820, 109, 18, 27, 25
Bought staple, 2942, 12720, 63, 1833380, 109, 19, 27, 25
Dupe common, 2980, 12720, 857, 1857320, 110, 19, 27, 25
Dupe common, 3008, 12720, 771, 1874960, 111, 19, 27, 25
Bought special, 3036, 12720, 60, 1892600, 112, 19, 27, 26
Dupe special, 3073, 12720, 791, 1915910, 113, 19, 27, 26
Dupe common, 3100, 12720, 767, 1932920, 114, 19, 27, 26
Dupe common, 3130, 12720, 932, 1951820, 115, 19, 27, 26
Bought special, 3157, 12720, 33, 1968830, 116, 19, 27, 27
Bought special, 3194, 12720, 14, 1992140, 117, 19, 27, 28
Dupe special, 3232, 12720, 808, 2016080, 118, 19, 27, 28
Bought common, 3260, 12720, 97, 2033720, 119, 19, 28, 28
Dupe common, 3298, 12720, 766, 2057660, 120, 19, 28, 28
Dupe common, 3326, 12720, 805, 2075300, 121, 19, 28, 28
Bought special, 3353, 12720, 31, 2092310, 122, 19, 28, 29
Dupe special, 3390, 12720, 762, 2115620, 123, 19, 28, 29
Dupe special, 3420, 12720, 927, 2134520, 124, 19, 28, 29
Dupe special, 3447, 12720, 778, 2151530, 125, 19, 28, 29
Dupe common, 3474, 12720, 754, 2168540, 126, 19, 28, 29
Dupe common, 3502, 12720, 793, 2186180, 127, 19, 28, 29
Dupe special, 3530, 12720, 832, 2203820, 128, 19, 28, 29
Dupe special, 3559, 12720, 809, 2222090, 129, 19, 28, 29
Dupe special, 3587, 12720, 848, 2239730, 130, 19, 28, 29
Dupe common, 3616, 12720, 800, 2258000, 130, 19, 28, 29
Bought common, 3643, 12720, 26, 2275010, 131, 19, 29, 29
Dupe common, 3680, 12720, 757, 2298320, 132, 19, 29, 29
Dupe common, 3710, 12720, 922, 2317220, 133, 19, 29, 29
Dupe special, 3737, 12720, 773, 2334230, 134, 19, 29, 29
Dupe common, 3765, 12720, 812, 2351870, 135, 19, 29, 29
Dupe special, 3792, 12720, 788, 2368880, 136, 19, 29, 29
Dupe special, 3820, 12720, 827, 2386520, 137, 19, 29, 29
Dupe special, 3849, 12720, 804, 2404790, 138, 19, 29, 29
Dupe special, 3876, 12720, 780, 2421800, 139, 19, 29, 29
Dupe common, 3904, 12720, 819, 2439440, 140, 19, 29, 29
Dupe common, 3933, 12720, 771, 2457710, 140, 19, 29, 29
Bought special, 3961, 12720, 60, 2475350, 141, 19, 29, 30

Bought staple, 6, 5040, 29, 1540, 5, 1, 0, 0
Bought common, 45, 8880, 37, 16120, 12, 1, 1, 0
Bought staple, 60, 9360, 113, 22880, 13, 2, 1, 0
Bought staple, 73, 9840, 166, 29160, 15, 3, 1, 0
Bought staple, 84, 10800, 5, 34800, 16, 4, 1, 0
Bought staple, 98, 11280, 48, 42480, 17, 5, 1, 0
Bought common, 130, 12720, 82, 61820, 21, 5, 2, 0
Bought staple, 143, 12720, 26, 70010, 21, 6, 2, 0
Bought staple, 157, 12720, 33, 78830, 21, 7, 2, 0
Bought staple, 168, 12720, 1, 85760, 22, 8, 2, 0
Bought staple, 180, 12720, 7, 93320, 22, 9, 2, 0
Dupe staple, 192, 12720, 288, 100880, 23, 9, 2, 0
Bought staple, 202, 12720, 43, 107180, 23, 10, 2, 0
Bought special, 240, 12720, 87, 131120, 24, 10, 2, 1
Bought special, 278, 12720, 6, 155060, 25, 10, 2, 2
Dupe staple, 290, 12720, 412, 162620, 26, 10, 2, 2
Bought special, 323, 12720, 16, 183410, 27, 10, 2, 3
Bought special, 361, 12720, 60, 207350, 28, 10, 2, 4
Bought special, 400, 12720, 167, 231920, 29, 10, 2, 5
Dupe staple, 412, 12720, 448, 239480, 30, 10, 2, 5
Bought common, 445, 12720, 52, 260270, 31, 10, 3, 5
Bought staple, 459, 12720, 59, 269090, 31, 11, 3, 5
Bought staple, 470, 12720, 2, 276020, 31, 12, 3, 5
Dupe staple, 482, 12720, 283, 283580, 32, 12, 3, 5
Bought special, 517, 12720, 13, 305630, 33, 12, 3, 6
Bought staple, 530, 12720, 82, 313820, 33, 13, 3, 6
Bought staple, 541, 12720, 50, 320750, 34, 14, 3, 6
Dupe staple, 555, 12720, 307, 329570, 34, 14, 3, 6
Bought common, 590, 12720, 162, 351620, 35, 14, 4, 6
Bought special, 627, 12720, 18, 374930, 36, 14, 4, 7
Bought staple, 639, 12720, 49, 382490, 37, 15, 4, 7
Bought special, 676, 12720, 30, 405800, 38, 15, 4, 8
Dupe special, 713, 12720, 761, 429110, 39, 15, 4, 8
Bought common, 741, 12720, 50, 446750, 40, 15, 5, 8
Bought staple, 755, 12720, 57, 455570, 40, 16, 5, 8
Dupe staple, 766, 12720, 275, 462500, 41, 16, 5, 8
Bought special, 800, 12720, 67, 483920, 42, 16, 5, 9
Bought special, 839, 12720, 49, 508490, 43, 16, 5, 10
Bought common, 876, 12720, 30, 531800, 44, 16, 6, 10
Dupe staple, 888, 12720, 311, 539360, 45, 16, 6, 10
Bought special, 921, 12720, 40, 560150, 46, 16, 6, 11
Bought special, 960, 12720, 147, 584720, 47, 16, 6, 12
Dupe staple, 972, 12720, 278, 592280, 47, 16, 6, 12
Dupe staple, 982, 12720, 283, 598580, 47, 16, 6, 12
Bought common, 1015, 12720, 37, 619370, 49, 16, 7, 12
Dupe staple, 1029, 12720, 294, 628190, 49, 16, 7, 12
Bought common, 1062, 12720, 23, 648980, 50, 16, 8, 12
Dupe staple, 1076, 12720, 280, 657800, 50, 16, 8, 12
Bought common, 1110, 12720, 222, 679220, 52, 16, 9, 12
Bought special, 1146, 12720, 15, 701900, 53, 16, 9, 13
Bought common, 1184, 12720, 59, 725840, 54, 16, 10, 13
Dupe staple, 1197, 12720, 253, 734030, 54, 16, 10, 13
Bought special, 1231, 12720, 45, 755450, 55, 16, 10, 14
Bought special, 1269, 12720, 114, 779390, 57, 16, 10, 15
Dupe staple, 1280, 12720, 307, 786320, 57, 16, 10, 15
Bought common, 1315, 12720, 37, 808370, 58, 16, 11, 15
Bought special, 1352, 12720, 18, 831680, 59, 16, 11, 16
Bought special, 1390, 12720, 62, 855620, 60, 16, 11, 17
Bought common, 1428, 12720, 131, 879560, 62, 16, 12, 17
Bought staple, 1440, 12720, 137, 887120, 62, 17, 12, 17
Dupe special, 1478, 12720, 806, 911060, 63, 17, 12, 17
Bought staple, 1480, 12720, 57, 912320, 63, 18, 12, 17
Bought common, 1519, 12720, 39, 936890, 64, 18, 13, 17
Bought special, 1555, 12720, 107, 959570, 66, 18, 13, 18
Bought special, 1591, 12720, 25, 982250, 67, 18, 13, 19
Bought special, 1630, 12720, 132, 1006820, 68, 18, 13, 20
Dupe special, 1668, 12720, 801, 1030760, 69, 18, 13, 20
Bought common, 1695, 12720, 27, 1047770, 70, 18, 14, 20
Dupe special, 1732, 12720, 758, 1071080, 71, 18, 14, 20
Bought common, 1760, 12720, 47, 1088720, 72, 18, 15, 20
Dupe common, 1799, 12720, 779, 1113290, 73, 18, 15, 20
Dupe special, 1826, 12720, 755, 1130300, 74, 18, 15, 20
Bought common, 1854, 12720, 44, 1147940, 75, 18, 16, 20
Dupe special, 1891, 12720, 775, 1171250, 76, 18, 16, 20
Dupe staple, 1895, 12720, 277, 1173770, 76, 18, 16, 20
Bought special, 1930, 12720, 132, 1195820, 77, 18, 16, 21
Dupe common, 1967, 12720, 888, 1219130, 79, 18, 16, 21
Bought common, 1995, 12720, 27, 1236770, 79, 18, 17, 21
Dupe special, 2031, 12720, 845, 1259450, 81, 18, 17, 21
Bought common, 2060, 12720, 47, 1277720, 81, 18, 18, 21
Bought special, 2097, 12720, 53, 1301030, 83, 18, 18, 22
Dupe staple, 2110, 12720, 372, 1309220, 83, 18, 18, 22
Bought common, 2144, 12720, 39, 1330640, 84, 18, 19, 22
Dupe common, 2181, 12720, 770, 1353950, 85, 18, 19, 22
Dupe common, 2210, 12720, 872, 1372220, 86, 18, 19, 22
Bought common, 2238, 12720, 36, 1389860, 87, 18, 20, 22
Dupe common, 2275, 12720, 767, 1413170, 88, 18, 20, 22
Dupe special, 2303, 12720, 806, 1430810, 89, 18, 20, 22
Bought special, 2330, 12720, 32, 1447820, 90, 18, 20, 23
Dupe common, 2369, 12720, 764, 1472390, 91, 18, 20, 23
Bought common, 2397, 12720, 53, 1490030, 92, 18, 21, 23
Dupe staple, 2410, 12720, 372, 1498220, 92, 18, 21, 23
Dupe special, 2444, 12720, 939, 1519640, 94, 18, 21, 23
Bought common, 2471, 12720, 15, 1536650, 94, 18, 22, 23
Dupe staple, 2483, 12720, 296, 1544210, 95, 18, 22, 23
Dupe common, 2518, 12720, 776, 1566260, 96, 18, 22, 23
Dupe common, 2545, 12720, 752, 1583270, 97, 18, 22, 23
Dupe special, 2573, 12720, 791, 1600910, 98, 18, 22, 23
Dupe special, 2602, 12720, 893, 1619180, 99, 18, 22, 23
Bought common, 2630, 12720, 32, 1636820, 99, 18, 23, 23
Dupe common, 2667, 12720, 788, 1660130, 101, 18, 23, 23
Dupe common, 2697, 12720, 803, 1679030, 101, 18, 23, 23
Bought special, 2724, 12720, 29, 1696040, 102, 18, 23, 24
Bought special, 2761, 12720, 160, 1719350, 104, 18, 23, 25
Dupe common, 2798, 12720, 766, 1742660, 105, 18, 23, 25
Bought special, 2826, 12720, 55, 1760300, 106, 18, 23, 26
Dupe staple, 2840, 12720, 437, 1769120, 106, 18, 23, 26
Bought common, 2873, 12720, 41, 1789910, 107, 18, 24, 26
Bought special, 2910, 12720, 22, 1813220, 108, 18, 24, 27
Dupe staple, 2922, 12720, 303, 1820780, 109, 18, 24, 27
Dupe common, 2957, 12720, 783, 1842830, 110, 18, 24, 27
Dupe staple, 2960, 12720, 347, 1844720, 110, 18, 24, 27
Bought common, 2994, 12720, 14, 1866140, 111, 18, 25, 27
Dupe staple, 3008, 12720, 271, 1874960, 111, 18, 25, 27
Bought special, 3042, 12720, 63, 1896380, 112, 18, 25, 28
Dupe common, 3079, 12720, 819, 1919690, 114, 18, 25, 28
Dupe staple, 3080, 12720, 257, 1920320, 114, 18, 25, 28
Dupe staple, 3090, 12720, 262, 1926620, 114, 18, 25, 28
Dupe staple, 3100, 12720, 267, 1932920, 114, 18, 25, 28
Dupe staple, 3110, 12720, 422, 1939220, 115, 18, 25, 28
Bought special, 3143, 12720, 26, 1960010, 116, 18, 25, 29
Dupe common, 3180, 12720, 757, 1983320, 117, 18, 25, 29
Dupe common, 3210, 12720, 922, 2002220, 118, 18, 25, 29
Dupe common, 3237, 12720, 773, 2019230, 119, 18, 25, 29
Dupe staple, 3240, 12720, 337, 2021120, 119, 18, 25, 29
Bought common, 3274, 12720, 4, 2042540, 120, 18, 26, 29
Dupe special, 3312, 12720, 798, 2066480, 121, 18, 26, 29
Bought common, 3340, 12720, 87, 2084120, 122, 18, 27, 29
Dupe staple, 3353, 12720, 281, 2092310, 122, 18, 27, 29
Dupe staple, 3363, 12720, 286, 2098610, 122, 18, 27, 29
Bought staple, 3370, 12720, 2, 2103020, 123, 19, 27, 29
Dupe common, 3410, 12720, 922, 2128220, 124, 19, 27, 29
Bought special, 3437, 12720, 23, 2145230, 125, 19, 27, 30
Dupe common, 3474, 12720, 754, 2168540, 126, 19, 27, 30
Dupe special, 3502, 12720, 793, 2186180, 127, 19, 27, 30
Bought common, 3530, 12720, 82, 2203820, 128, 19, 28, 30
Dupe common, 3568, 12720, 751, 2227760, 129, 19, 28, 30
Dupe special, 3596, 12720, 790, 2245400, 130, 19, 28, 30
Bought common, 3623, 12720, 16, 2262410, 131, 19, 29, 30

Bought staple, 6, 5040, 29, 1540, 5, 1, 0, 0
Bought staple, 19, 6960, 5, 5550, 8, 2, 0, 0
Bought staple, 30, 8400, 124, 9740, 11, 3, 0, 0
Bought staple, 45, 8880, 37, 16120, 12, 4, 0, 0
Bought staple, 60, 9360, 113, 22880, 13, 5, 0, 0
Bought staple, 73, 9840, 166, 29160, 15, 6, 0, 0
Dupe staple, 84, 10800, 255, 34800, 16, 6, 0, 0
Bought common, 118, 12240, 176, 54260, 20, 6, 1, 0
Bought staple, 127, 12720, 18, 59930, 21, 7, 1, 0
Bought special, 165, 12720, 62, 83870, 22, 7, 1, 1
Bought staple, 178, 12720, 6, 92060, 22, 8, 1, 1
Bought staple, 190, 12720, 162, 99620, 23, 9, 1, 1
Dupe staple, 202, 12720, 293, 107180, 23, 9, 1, 1
Bought common, 237, 12720, 23, 129230, 24, 9, 2, 1
Bought common, 274, 12720, 4, 152540, 25, 9, 3, 1
Bought common, 312, 12720, 48, 176480, 26, 9, 4, 1
Dupe staple, 323, 12720, 266, 183410, 27, 9, 4, 1
Bought common, 359, 12720, 59, 206090, 28, 9, 5, 1
Bought common, 396, 12720, 40, 229400, 29, 9, 6, 1
Bought special, 433, 12720, 21, 252710, 30, 9, 6, 2
Bought staple, 445, 12720, 52, 260270, 31, 10, 6, 2
Bought special, 482, 12720, 33, 283580, 32, 10, 6, 3
Bought staple, 496, 12720, 40, 292400, 32, 11, 6, 3
Dupe staple, 507, 12720, 258, 299330, 33, 11, 6, 3
Bought special, 541, 12720, 50, 320750, 34, 11, 6, 4
Bought special, 580, 12720, 157, 345320, 35, 11, 6, 5
Dupe staple, 592, 12720, 288, 352880, 35, 11, 6, 5
Bought special, 627, 12720, 18, 374930, 36, 11, 6, 6
Bought special, 665, 12720, 62, 398870, 37, 11, 6, 7
Bought staple, 676, 12720, 30, 405800, 38, 12, 6, 7
Bought staple, 690, 12720, 162, 414620, 38, 13, 6, 7
Dupe staple, 700, 12720, 317, 420920, 39, 13, 6, 7
Dupe common, 735, 12720, 797, 442970, 40, 13, 6, 7
Bought special, 762, 12720, 23, 459980, 41, 13, 6, 8
Bought special, 800, 12720, 67, 483920, 42, 13, 6, 9
Bought special, 839, 12720, 49, 508490, 43, 13, 6, 10
Bought common, 876, 12720, 30, 531800, 44, 13, 7, 10
Dupe staple, 888, 12720, 311, 539360, 45, 13, 7, 10
Dupe staple, 897, 12720, 253, 545030, 45, 13, 7, 10
Bought special, 931, 12720, 45, 566450, 46, 13, 7, 11
Bought common, 970, 12720, 152, 591020, 47, 13, 8, 11
Bought staple, 982, 12720, 33, 598580, 47, 14, 8, 11
Dupe staple, 993, 12720, 251, 605510, 48, 14, 8, 11
Bought staple, 1003, 12720, 6, 611810, 48, 15, 8, 11
Dupe staple, 1015, 12720, 287, 619370, 49, 15, 8, 11
Bought common, 1050, 12720, 142, 641420, 50, 15, 9, 11
Dupe staple, 1062, 12720, 273, 648980, 50, 15, 9, 11
Bought special, 1097, 12720, 3, 671030, 51, 15, 9, 12
Dupe staple, 1110, 12720, 472, 679220, 52, 15, 9, 12
Dupe special, 1142, 12720, 763, 699380, 53, 15, 9, 12
Bought special, 1172, 12720, 28, 718280, 53, 15, 9, 13
Dupe common, 1209, 12720, 784, 741590, 55, 15, 9, 13
Bought common, 1237, 12720, 73, 759230, 56, 15, 10, 13
Dupe staple, 1250, 12720, 392, 767420, 56, 15, 10, 13
Bought common, 1284, 12720, 59, 788840, 57, 15, 11, 13
Dupe staple, 1297, 12720, 253, 797030, 57, 15, 11, 13
Bought staple, 1305, 12720, 32, 802070, 58, 16, 11, 13
Bought staple, 1319, 12720, 39, 810890, 58, 17, 11, 13
Dupe staple, 1331, 12720, 295, 818450, 58, 17, 11, 13
Dupe common, 1364, 12720, 799, 839240, 60, 17, 11, 13
Bought special, 1393, 12720, 1, 857510, 60, 17, 11, 14
Dupe staple, 1405, 12720, 282, 865070, 61, 17, 11, 14
Bought special, 1440, 12720, 137, 887120, 62, 17, 11, 15
Bought special, 1478, 12720, 56, 911060, 63, 17, 11, 16
Bought special, 1515, 12720, 37, 934370, 64, 17, 11, 17
Bought common, 1552, 12720, 18, 957680, 65, 17, 12, 17
Bought common, 1589, 12720, 24, 980990, 67, 17, 13, 17
Dupe staple, 1601, 12720, 280, 988550, 67, 17, 13, 17
Bought common, 1636, 12720, 10, 1010600, 68, 17, 14, 17
Bought special, 1674, 12720, 54, 1034540, 69, 17, 14, 18
Dupe staple, 1685, 12720, 272, 1041470, 70, 17, 14, 18
Bought special, 1720, 12720, 127, 1063520, 71, 17, 14, 19
Dupe staple, 1732, 12720, 258, 1071080, 71, 17, 14, 19
Bought common, 1768, 12720, 51, 1093760, 72, 17, 15, 19
Bought special, 1805, 12720, 32, 1117070, 73, 17, 15, 20
Dupe staple, 1817, 12720, 313, 1124630, 74, 17, 15, 20
Bought common, 1850, 12720, 42, 1145420, 75, 17, 16, 20
Bought special, 1889, 12720, 24, 1169990, 76, 17, 16, 21
Dupe special, 1926, 12720, 755, 1193300, 77, 17, 16, 21
Dupe special, 1954, 12720, 794, 1210940, 78, 17, 16, 21
Bought common, 1981, 12720, 20, 1227950, 79, 17, 17, 21
Dupe special, 2020, 12720, 877, 1252520, 80, 17, 17, 21
Bought staple, 2022, 12720, 3, 1253780, 80, 18, 17, 21
Dupe common, 2060, 12720, 797, 1277720, 81, 18, 17, 21
Dupe staple, 2063, 12720, 386, 1279610, 82, 18, 17, 21
Bought common, 2097, 12720, 53, 1301030, 83, 18, 18, 21
Bought common, 2134, 12720, 34, 1324340, 84, 18, 19, 21
Dupe special, 2171, 12720, 765, 1347650, 85, 18, 19, 21
Dupe staple, 2175, 12720, 267, 1350170, 85, 18, 19, 21
Dupe common, 2210, 12720, 872, 1372220, 86, 18, 19, 21
Bought special, 2238, 12720, 36, 1389860, 87, 18, 19, 22
Bought special, 2275, 12720, 17, 1413170, 88, 18, 19, 23
Dupe staple, 2287, 12720, 298, 1420730, 89, 18, 19, 23
Dupe special, 2320, 12720, 777, 1441520, 90, 18, 19, 23
Bought special, 2349, 12720, 4, 1459790, 91, 18, 19, 24
Dupe common, 2387, 12720, 798, 1483730, 92, 18, 19, 24
Dupe staple, 2390, 12720, 362, 1485620, 92, 18, 19, 24
Dupe special, 2424, 12720, 779, 1507040, 93, 18, 19, 24
Dupe common, 2451, 12720, 755, 1524050, 94, 18, 19, 24
Dupe common, 2480, 12720, 857, 1542320, 95, 18, 19, 24
Bought special, 2508, 12720, 21, 1559960, 96, 18, 19, 25
Dupe special, 2545, 12720, 752, 1583270, 97, 18, 19, 25
Dupe common, 2573, 12720, 791, 1600910, 98, 18, 19, 25
Dupe staple, 2577, 12720, 293, 1603430, 98, 18, 19, 25
Dupe staple, 2587, 12720, 298, 1609730, 98, 18, 19, 25
Bought special, 2620, 12720, 27, 1630520, 99, 18, 19, 26
Bought common, 2659, 12720, 9, 1655090, 100, 18, 20, 26
Dupe special, 2697, 12720, 803, 1679030, 101, 18, 20, 26
Bought staple, 2698, 12720, 16, 1679660, 102, 19, 20, 26
Dupe special, 2736, 12720, 810, 1703600, 103, 19, 20, 26
Bought common, 2763, 12720, 36, 1720610, 104, 19, 21, 26
Dupe special, 2800, 12720, 767, 1743920, 105, 19, 21, 26
Bought common, 2830, 12720, 182, 1762820, 106, 19, 22, 26
Dupe common, 2867, 12720, 788, 1786130, 107, 19, 22, 26
Dupe common, 2894, 12720, 764, 1803140, 108, 19, 22, 26
Bought special, 2922, 12720, 53, 1820780, 109, 19, 22, 27
Dupe common, 2960, 12720, 847, 1844720, 110, 19, 22, 27
Bought special, 2988, 12720, 11, 1862360, 111, 19, 22, 28
Dupe special, 3026, 12720, 805, 1886300, 112, 19, 22, 28
Dupe common, 3053, 12720, 781, 1903310, 113, 19, 22, 28
Bought common, 3080, 12720, 7, 1920320, 114, 19, 23, 28
Bought common, 3120, 12720, 177, 1945520, 115, 19, 24, 28
Dupe common, 3157, 12720, 783, 1968830, 116, 19, 24, 28
Bought common, 3184, 12720, 9, 1985840, 117, 19, 25, 28
Dupe special, 3222, 12720, 803, 2009780, 118, 19, 25, 28
Dupe common, 3250, 12720, 842, 2027420, 119, 19, 25, 28
Bought common, 3278, 12720, 6, 2045060, 120, 19, 26, 28
Dupe special, 3316, 12720, 800, 2069000, 121, 19, 26, 28
Dupe special, 3343, 12720, 776, 2086010, 122, 19, 26, 28
Bought special, 3370, 12720, 2, 2103020, 123, 19, 26, 29
Bought special, 3410, 12720, 172, 2128220, 124, 19, 26, 30
Dupe special, 3447, 12720, 778, 2151530, 125, 19, 26, 30
Dupe special, 3474, 12720, 754, 2168540, 126, 19, 26, 30
Dupe special, 3502, 12720, 793, 2186180, 127, 19, 26, 30
Dupe common, 3530, 12720, 832, 2203820, 128, 19, 26, 30
Dupe common, 3559, 12720, 809, 2222090, 129, 19, 26, 30
Bought common, 3587, 12720, 98, 2239730, 130, 19, 27, 30
Dupe common, 3623, 12720, 766, 2262410, 131, 19, 27, 30
Dupe common, 3651, 12720, 805, 2280050, 132, 19, 27, 30
Dupe special, 3680, 12720, 757, 2298320, 132, 19, 27, 30
Bought common, 3710, 12720, 172, 2317220, 133, 19, 28, 30
Dupe special, 3745, 12720, 802, 2339270, 135, 19, 28, 30
Dupe common, 3774, 12720, 754, 2357540, 135, 19, 28, 30
Dupe common, 3802, 12720, 793, 2375180, 136, 19, 28, 30
Dupe common, 3830, 12720, 832, 2392820, 137, 19, 28, 30
Dupe common, 3859, 12720, 809, 2411090, 138, 19, 28, 30
Dupe special, 3886, 12720, 785, 2428100, 139, 19, 28, 30
Dupe common, 3913, 12720, 761, 2445110, 140, 19, 28, 30
Dupe special, 3941, 12720, 800, 2462750, 141, 19, 28, 30
Dupe special, 3970, 12720, 902, 2481020, 142, 19, 28, 30
Dupe special, 3999, 12720, 879, 2499290, 143, 19, 28, 30
Dupe common, 4027, 12720, 768, 2516930, 143, 19, 28, 30
Dupe special, 4055, 12720, 807, 2534570, 144, 19, 28, 30
Dupe common, 4082, 12720, 783, 2551580, 145, 19, 28, 30
Dupe common, 4110, 12720, 822, 2569220, 146, 19, 28, 30
Dupe common, 4139, 12720, 799, 2587490, 147, 19, 28, 30
Dupe common, 4166, 12720, 775, 2604500, 148, 19, 28, 30
Bought common, 4193, 12720, 1, 2621510, 149, 19, 29, 30

Bought staple, 6, 5040, 29, 1540, 5, 1, 0, 0
Bought staple, 19, 6960, 5, 5550, 8, 2, 0, 0
Dupe staple, 30, 8400, 374, 9740, 11, 2, 0, 0
Bought special, 70, 9840, 119, 27690, 14, 2, 0, 1
Bought staple, 83, 10320, 201, 34260, 16, 3, 0, 1
Bought common, 118, 12240, 176, 54260, 20, 3, 1, 1
Bought staple, 127, 12720, 18, 59930, 21, 4, 1, 1
Bought staple, 140, 12720, 87, 68120, 21, 5, 1, 1
Bought special, 178, 12720, 6, 92060, 22, 5, 1, 2
Bought staple, 190, 12720, 162, 99620, 23, 6, 1, 2
Bought staple, 202, 12720, 43, 107180, 23, 7, 1, 2
Bought staple, 216, 12720, 50, 116000, 23, 8, 1, 2
Bought staple, 227, 12720, 18, 122930, 24, 9, 1, 2
Bought staple, 240, 12720, 87, 131120, 24, 10, 1, 2
Bought staple, 253, 12720, 181, 139310, 25, 11, 1, 2
Bought special, 290, 12720, 162, 162620, 26, 11, 1, 3
Bought staple, 302, 12720, 43, 170180, 26, 12, 1, 3
Bought special, 340, 12720, 87, 194120, 27, 12, 1, 4
Bought special, 378, 12720, 6, 218060, 28, 12, 1, 5
Bought staple, 390, 12720, 162, 225620, 29, 13, 1, 5
Bought staple, 402, 12720, 43, 233180, 29, 14, 1, 5
Bought common, 440, 12720, 87, 257120, 30, 14, 2, 5
Bought common, 476, 12720, 30, 279800, 32, 14, 3, 5
Bought staple, 490, 12720, 162, 288620, 32, 15, 3, 5
Dupe staple, 502, 12720, 293, 296180, 32, 15, 3, 5
Bought special, 537, 12720, 23, 318230, 33, 15, 3, 6
Dupe staple, 549, 12720, 304, 325790, 34, 15, 3, 6
Dupe staple, 559, 12720, 309, 332090, 34, 15, 3, 6
Bought special, 592, 12720, 38, 352880, 35, 15, 3, 7
Bought common, 630, 12720, 82, 376820, 36, 15, 4, 7
Bought special, 666, 12720, 25, 399500, 38, 15, 4, 8
Dupe staple, 680, 12720, 407, 408320, 38, 15, 4, 8
Dupe staple, 690, 12720, 412, 414620, 38, 15, 4, 8
Bought special, 723, 12720, 16, 435410, 39, 15, 4, 9
Bought special, 761, 12720, 210, 459350, 41, 15, 4, 10
Bought common, 797, 12720, 3, 482030, 42, 15, 5, 10
Bought common, 835, 12720, 47, 505970, 43, 15, 6, 10
Bought special, 872, 12720, 28, 529280, 44, 15, 6, 11
Bought common, 910, 12720, 72, 553220, 45, 15, 7, 11
Bought special, 949, 12720, 54, 577790, 46, 15, 7, 12
Bought special, 984, 12720, 59, 599840, 48, 15, 7, 13
Bought special, 1021, 12720, 40, 623150, 49, 15, 7, 14
Dupe common, 1060, 12720, 897, 647720, 50, 15, 7, 14
Bought special, 1088, 12720, 61, 665360, 51, 15, 7, 15
Bought special, 1125, 12720, 42, 688670, 52, 15, 7, 16
Bought common, 1162, 12720, 23, 711980, 53, 15, 8, 16
Dupe staple, 1174, 12720, 304, 719540, 54, 15, 8, 16
Bought special, 1209, 12720, 34, 741590, 55, 15, 8, 17
Bought common, 1246, 12720, 15, 764900, 56, 15, 9, 17
Dupe special, 1284, 12720, 809, 788840, 57, 15, 9, 17
Bought special, 1311, 12720, 35, 805850, 58, 15, 9, 18
Dupe common, 1350, 12720, 892, 830420, 59, 15, 9, 18
Bought special, 1378, 12720, 56, 848060, 60, 15, 9, 19
Bought common, 1415, 12720, 37, 871370, 61, 15, 10, 19
Dupe common, 1452, 12720, 768, 894680, 62, 15, 10, 19
Bought special, 1480, 12720, 57, 912320, 63, 15, 10, 20
Dupe special, 1519, 12720, 789, 936890, 64, 15, 10, 20
Bought common, 1546, 12720, 15, 953900, 65, 15, 11, 20
Bought special, 1584, 12720, 59, 977840, 66, 15, 11, 21
Dupe special, 1620, 12720, 877, 1000520, 68, 15, 11, 21
Bought special, 1650, 12720, 292, 1019420, 69, 15, 11, 22
Dupe staple, 1660, 12720, 297, 1025720, 69, 15, 11, 22
Dupe special, 1695, 12720, 777, 1047770, 70, 15, 11, 22
Bought special, 1722, 12720, 3, 1064780, 71, 15, 11, 23
Bought common, 1760, 12720, 47, 1088720, 72, 15, 12, 23
Dupe special, 1799, 12720, 779, 1113290, 73, 15, 12, 23
Bought common, 1826, 12720, 5, 1130300, 74, 15, 13, 23
Bought staple, 1840, 12720, 287, 1139120, 75, 16, 13, 23
Bought staple, 1850, 12720, 42, 1145420, 75, 17, 13, 23
Bought special, 1889, 12720, 24, 1169990, 76, 17, 13, 24
Bought special, 1926, 12720, 5, 1193300, 77, 17, 13, 25
Dupe common, 1964, 12720, 799, 1217240, 78, 17, 13, 25
Bought common, 1991, 12720, 25, 1234250, 79, 17, 14, 25
Bought common, 2030, 12720, 132, 1258820, 80, 17, 15, 25
Dupe special, 2065, 12720, 762, 1280870, 82, 17, 15, 25
Dupe special, 2094, 12720, 864, 1299140, 83, 17, 15, 25
Bought common, 2122, 12720, 3, 1316780, 83, 17, 16, 25
Dupe special, 2159, 12720, 759, 1340090, 85, 17, 16, 25
Dupe common, 2189, 12720, 774, 1358990, 85, 17, 16, 25
Dupe special, 2217, 12720, 813, 1376630, 86, 17, 16, 25
Dupe staple, 2220, 12720, 377, 1378520, 86, 17, 16, 25
Bought special, 2253, 12720, 131, 1399310, 88, 17, 16, 26
Dupe staple, 2265, 12720, 262, 1406870, 88, 17, 16, 26
Bought special, 2300, 12720, 117, 1428920, 89, 17, 16, 27
Dupe special, 2338, 12720, 786, 1452860, 90, 17, 16, 27
Bought special, 2365, 12720, 12, 1469870, 91, 17, 16, 28
Dupe staple, 2379, 12720, 269, 1478690, 91, 17, 16, 28
Bought staple, 2387, 12720, 48, 1483730, 92, 18, 16, 28
Bought special, 2424, 12720, 29, 1507040, 93, 18, 16, 29
Bought common, 2461, 12720, 10, 1530350, 94, 18, 17, 29
Bought staple, 2475, 12720, 167, 1539170, 95, 19, 17, 29
Bought common, 2510, 12720, 22, 1561220, 96, 19, 18, 29
Bought special, 2549, 12720, 4, 1585790, 97, 19, 18, 30
Dupe common, 2587, 12720, 798, 1609730, 98, 19, 18, 30
Bought common, 2614, 12720, 24, 1626740, 99, 19, 19, 30
Dupe common, 2651, 12720, 755, 1650050, 100, 19, 19, 30
Dupe common, 2680, 12720, 857, 1668320, 101, 19, 19, 30
Dupe special, 2708, 12720, 771, 1685960, 102, 19, 19, 30
Dupe special, 2736, 12720, 810, 1703600, 103, 19, 19, 30
Bought common, 2763, 12720, 36, 1720610, 104, 19, 20, 30
Dupe special, 2800, 12720, 767, 1743920, 105, 19, 20, 30
Dupe special, 2830, 12720, 932, 1762820, 106, 19, 20, 30
Bought common, 2857, 12720, 33, 1779830, 107, 19, 21, 30
Dupe special, 2894, 12720, 764, 1803140, 108, 19, 21, 30
Dupe common, 2922, 12720, 803, 1820780, 109, 19, 21, 30
Dupe special, 2951, 12720, 755, 1839050, 109, 19, 21, 30
Bought common, 2980, 12720, 107, 1857320, 110, 19, 22, 30
Dupe common, 3016, 12720, 800, 1880000, 112, 19, 22, 30
Dupe common, 3045, 12720, 752, 1898270, 112, 19, 22, 30
Bought common, 3073, 12720, 41, 1915910, 113, 19, 23, 30
Dupe special, 3110, 12720, 922, 1939220, 115, 19, 23, 30
Bought common, 3140, 12720, 187, 1958120, 115, 19, 24, 30
Dupe common, 3174, 12720, 754, 1979540, 117, 19, 24, 30
Dupe special, 3204, 12720, 769, 1998440, 117, 19, 24, 30
Dupe special, 3232, 12720, 808, 2016080, 118, 19, 24, 30
Dupe common, 3260, 12720, 847, 2033720, 119, 19, 24, 30
Bought common, 3288, 12720, 11, 2051360, 120, 19, 25, 30
Dupe special, 3326, 12720, 805, 2075300, 121, 19, 25, 30
Dupe special, 3353, 12720, 781, 2092310, 122, 19, 25, 30
Bought common, 3380, 12720, 7, 2109320, 123, 19, 26, 30
Bought common, 3420, 12720, 177, 2134520, 124, 19, 27, 30
Dupe common, 3457, 12720, 783, 2157830, 125, 19, 27, 30
Bought common, 3484, 12720, 9, 2174840, 126, 19, 28, 30
Dupe common, 3522, 12720, 803, 2198780, 127, 19, 28, 30
Dupe common, 3550, 12720, 842, 2216420, 128, 19, 28, 30
Dupe special, 3578, 12720, 756, 2234060, 129, 19, 28, 30
Dupe special, 3606, 12720, 795, 2251700, 130, 19, 28, 30
Dupe common, 3633, 12720, 771, 2268710, 131, 19, 28, 30
Dupe special, 3661, 12720, 810, 2286350, 132, 19, 28, 30
Bought common, 3690, 12720, 162, 2304620, 133, 19, 29, 30

Bought staple, 6, 5040, 29, 1540, 5, 1, 0, 0
Bought staple, 19, 6960, 5, 5550, 8, 2, 0, 0
Bought staple, 30, 8400, 124, 9740, 11, 3, 0, 0
Dupe staple, 45, 8880, 287, 16120, 12, 3, 0, 0
Bought staple, 55, 9360, 8, 20580, 13, 4, 0, 0
Bought staple, 70, 9840, 119, 27690, 14, 5, 0, 0
Bought staple, 83, 10320, 201, 34260, 16, 6, 0, 0
Bought staple, 93, 11280, 18, 39680, 17, 7, 0, 0
Bought staple, 106, 11760, 31, 47060, 18, 8, 0, 0
Bought staple, 118, 12240, 176, 54260, 20, 9, 0, 0
Dupe staple, 127, 12720, 268, 59930, 21, 9, 0, 0
Bought common, 161, 12720, 60, 81350, 22, 9, 1, 0
Bought special, 200, 12720, 167, 105920, 23, 9, 1, 1
Bought common, 237, 12720, 23, 129230, 24, 9, 2, 1
Bought common, 274, 12720, 4, 152540, 25, 9, 3, 1
Dupe staple, 286, 12720, 285, 160100, 26, 9, 3, 1
Bought staple, 296, 12720, 40, 166400, 26, 10, 3, 1
Bought common, 333, 12720, 21, 189710, 27, 10, 4, 1
Bought common, 370, 12720, 2, 213020, 28, 10, 5, 1
Bought special, 410, 12720, 172, 238220, 29, 10, 5, 2
Bought common, 445, 12720, 52, 260270, 31, 10, 6, 2
Bought staple, 459, 12720, 59, 269090, 31, 11, 6, 2
Bought staple, 470, 12720, 2, 276020, 31, 12, 6, 2
Dupe staple, 482, 12720, 283, 283580, 32, 12, 6, 2
Bought staple, 492, 12720, 38, 289880, 32, 13, 6, 2
Bought common, 530, 12720, 82, 313820, 33, 13, 7, 2
Bought common, 568, 12720, 1, 337760, 34, 13, 8, 2
Dupe staple, 580, 12720, 407, 345320, 35, 13, 8, 2
Bought special, 613, 12720, 11, 366110, 36, 13, 8, 3
Bought special, 651, 12720, 55, 390050, 37, 13, 8, 4
Dupe common, 690, 12720, 912, 414620, 38, 13, 8, 4
Bought staple, 692, 12720, 38, 415880, 38, 14, 8, 4
Bought special, 729, 12720, 44, 439190, 40, 14, 8, 5
Bought common, 766, 12720, 25, 462500, 41, 14, 9, 5
Bought special, 803, 12720, 6, 485810, 42, 14, 9, 6
Bought special, 841, 12720, 50, 509750, 43, 14, 9, 7
Bought staple, 855, 12720, 57, 518570, 43, 15, 9, 7
Dupe staple, 866, 12720, 275, 525500, 44, 15, 9, 7
Bought special, 900, 12720, 67, 546920, 45, 15, 9, 8
Bought staple, 913, 12720, 11, 555110, 45, 16, 9, 8
Bought special, 951, 12720, 55, 579050, 46, 16, 9, 9
Bought special, 988, 12720, 61, 602360, 48, 16, 9, 10
Bought special, 1025, 12720, 42, 625670, 49, 16, 9, 11
Bought common, 1062, 12720, 23, 648980, 50, 16, 10, 11
Dupe staple, 1076, 12720, 280, 657800, 50, 16, 10, 11
Dupe common, 1110, 12720, 972, 679220, 52, 16, 10, 11
Bought common, 1139, 12720, 49, 697490, 52, 16, 11, 11
Bought special, 1174, 12720, 54, 719540, 54, 16, 11, 12
Bought common, 1211, 12720, 35, 742850, 55, 16, 12, 12
Bought special, 1250, 12720, 142, 767420, 56, 16, 12, 13
Dupe staple, 1262, 12720, 273, 774980, 56, 16, 12, 13
Bought special, 1297, 12720, 3, 797030, 57, 16, 12, 14
Dupe staple, 1309, 12720, 284, 804590, 58, 16, 12, 14
Bought staple, 1319, 12720, 39, 810890, 58, 17, 12, 14
Bought common, 1356, 12720, 20, 834200, 59, 17, 13, 14
Bought common, 1393, 12720, 1, 857510, 60, 17, 14, 14
Dupe common, 1430, 12720, 882, 880820, 62, 17, 14, 14
Dupe staple, 1432, 12720, 258, 882080, 62, 17, 14, 14
Bought special, 1468, 12720, 51, 904760, 63, 17, 14, 15
Dupe common, 1505, 12720, 782, 928070, 64, 17, 14, 15
Bought special, 1532, 12720, 8, 945080, 65, 17, 14, 16
Bought common, 1570, 12720, 52, 969020, 66, 17, 15, 16
Bought special, 1609, 12720, 34, 993590, 67, 17, 15, 17
Dupe staple, 1620, 12720, 377, 1000520, 68, 17, 15, 17
Bought common, 1654, 12720, 44, 1021940, 69, 17, 16, 17
Dupe common, 1691, 12720, 775, 1045250, 70, 17, 16, 17
Dupe staple, 1695, 12720, 277, 1047770, 70, 17, 16, 17
Bought special, 1730, 12720, 132, 1069820, 71, 17, 16, 18
Dupe special, 1768, 12720, 801, 1093760, 72, 17, 16, 18
Bought special, 1795, 12720, 27, 1110770, 73, 17, 16, 19
Dupe special, 1832, 12720, 758, 1134080, 74, 17, 16, 19
Bought special, 1860, 12720, 47, 1151720, 75, 17, 16, 20
Bought special, 1899, 12720, 29, 1176290, 76, 17, 16, 21
Dupe staple, 1910, 12720, 372, 1183220, 77, 17, 16, 21
Dupe special, 1944, 12720, 789, 1204640, 78, 17, 16, 21
Bought common, 1971, 12720, 15, 1221650, 79, 17, 17, 21
Dupe staple, 1985, 12720, 272, 1230470, 79, 17, 17, 21
Dupe staple, 1995, 12720, 277, 1236770, 79, 17, 17, 21
Bought special, 2030, 12720, 132, 1258820, 80, 17, 17, 22
Dupe staple, 2040, 12720, 287, 1265120, 81, 17, 17, 22
Dupe staple, 2050, 12720, 292, 1271420, 81, 17, 17, 22
Bought special, 2085, 12720, 22, 1293470, 82, 17, 17, 23
Bought staple, 2097, 12720, 53, 1301030, 83, 18, 17, 23
Dupe common, 2134, 12720, 784, 1324340, 84, 18, 17, 23
Bought common, 2161, 12720, 10, 1341350, 85, 18, 18, 23
Dupe special, 2200, 12720, 867, 1365920, 86, 18, 18, 23
Dupe special, 2228, 12720, 781, 1383560, 87, 18, 18, 23
Dupe staple, 2230, 12720, 282, 1384820, 87, 18, 18, 23
Bought special, 2265, 12720, 12, 1406870, 88, 18, 18, 24
Dupe special, 2303, 12720, 806, 1430810, 89, 18, 18, 24
Dupe staple, 2307, 12720, 308, 1433330, 89, 18, 18, 24
Bought common, 2340, 12720, 37, 1454120, 90, 18, 19, 24
Bought common, 2379, 12720, 19, 1478690, 91, 18, 20, 24
Bought common, 2414, 12720, 24, 1500740, 93, 18, 21, 24
Bought special, 2451, 12720, 5, 1524050, 94, 18, 21, 25
Dupe common, 2490, 12720, 862, 1548620, 95, 18, 21, 25
Dupe staple, 2493, 12720, 301, 1550510, 95, 18, 21, 25
Dupe common, 2528, 12720, 781, 1572560, 96, 18, 21, 25
Dupe staple, 2530, 12720, 282, 1573820, 96, 18, 21, 25
Dupe staple, 2540, 12720, 437, 1580120, 97, 18, 21, 25
Bought common, 2573, 12720, 41, 1600910, 98, 18, 22, 25
Dupe staple, 2587, 12720, 298, 1609730, 98, 18, 22, 25
Dupe common, 2620, 12720, 777, 1630520, 99, 18, 22, 25
Bought staple, 2624, 12720, 29, 1633040, 99, 19, 22, 25
Dupe common, 2661, 12720, 760, 1656350, 100, 19, 22, 25
Bought common, 2690, 12720, 112, 1674620, 101, 19, 23, 25
Bought common, 2728, 12720, 31, 1698560, 102, 19, 24, 25
Dupe common, 2763, 12720, 786, 1720610, 104, 19, 24, 25
Bought common, 2793, 12720, 201, 1739510, 105, 19, 25, 25
Dupe special, 2830, 12720, 932, 1762820, 106, 19, 25, 25
Bought special, 2857, 12720, 33, 1779830, 107, 19, 25, 26
Dupe special, 2894, 12720, 764, 1803140, 108, 19, 25, 26
Dupe common, 2922, 12720, 803, 1820780, 109, 19, 25, 26
Dupe special, 2951, 12720, 755, 1839050, 109, 19, 25, 26
Bought common, 2980, 12720, 107, 1857320, 110, 19, 26, 26
Dupe special, 3016, 12720, 800, 1880000, 112, 19, 26, 26
Bought special, 3045, 12720, 2, 1898270, 112, 19, 26, 27
Dupe common, 3080, 12720, 757, 1920320, 114, 19, 26, 27
Bought special, 3110, 12720, 172, 1939220, 115, 19, 26, 28
Dupe common, 3147, 12720, 778, 1962530, 116, 19, 26, 28
Dupe special, 3174, 12720, 754, 1979540, 117, 19, 26, 28
Dupe special, 3204, 12720, 769, 1998440, 117, 19, 26, 28
Dupe common, 3232, 12720, 808, 2016080, 118, 19, 26, 28
Bought common, 3260, 12720, 97, 2033720, 119, 19, 27, 28
Dupe special, 3298, 12720, 766, 2057660, 120, 19, 27, 28
Dupe common, 3326, 12720, 805, 2075300, 121, 19, 27, 28
Dupe common, 3353, 12720, 781, 2092310, 122, 19, 27, 28
Dupe special, 3380, 12720, 757, 2109320, 123, 19, 27, 28
Dupe common, 3410, 12720, 922, 2128220, 124, 19, 27, 28
Dupe special, 3437, 12720, 773, 2145230, 125, 19, 27, 28
Bought special, 3465, 12720, 62, 2162870, 126, 19, 27, 29
Dupe common, 3502, 12720, 793, 2186180, 127, 19, 27, 29
Dupe special, 3530, 12720, 832, 2203820, 128, 19, 27, 29
Dupe common, 3559, 12720, 809, 2222090, 129, 19, 27, 29
Dupe common, 3587, 12720, 848, 2239730, 130, 19, 27, 29
Dupe common, 3616, 12720, 800, 2258000, 130, 19, 27, 29
Dupe special, 3643, 12720, 776, 2275010, 131, 19, 27, 29
Dupe common, 3670, 12720, 752, 2292020, 132, 19, 27, 29
Bought special, 3700, 12720, 167, 2310920, 133, 19, 27, 30
Dupe common, 3737, 12720, 773, 2334230, 134, 19, 27, 30
Dupe special, 3765, 12720, 812, 2351870, 135, 19, 27, 30
Dupe special, 3792, 12720, 788, 2368880, 136, 19, 27, 30
Dupe common, 3820, 12720, 827, 2386520, 137, 19, 27, 30
Dupe special, 3849, 12720, 804, 2404790, 138, 19, 27, 30
Bought common, 3876, 12720, 30, 2421800, 139, 19, 28, 30
Bought common, 3913, 12720, 11, 2445110, 140, 19, 29, 30

